<?xml version="1.0" encoding="ISO-8859-1"?>
<project name="Query Translation-Library">
    <skin>
        <groupId>org.andromda.maven.plugins.site</groupId>
        <artifactId>andromda-site-skin</artifactId>
        <version>3.4-SNAPSHOT</version>s
    </skin>
    <bannerLeft>
        <name></name>
    </bannerLeft>
    <publishDate format="dd MMM yyyy hh:mm zzz"/>
	<body>
    	<links>
    		<item name="Query Translation-Library" href="/index.html"/>
    	</links>
    	<menu name="Overview">
    		<item name="Modeling" href="modeling.html"/>
    		<item name="Namespace" href="namespace.html"/>
    	</menu>
        <menu ref="reports"/>
  	</body>
</project>
