<project>
    <extend>../project.xml</extend>
    <artifactId>andromda-translation-library${bootstrap}-plugin</artifactId>
    <name>Translation-Library Maven Plugin</name>
    <description>
        This is a Maven Plugin which provides the ability to perform AndroMDA translation-library
        tasks such as the generation and testing of translation-libraries.
    </description>
    <shortDescription>Translation-Library Maven Plugin</shortDescription>
    <dependencies>
        <dependency>
            <groupId>andromda${bootstrap}</groupId>
            <artifactId>andromda-core</artifactId>
            <version>${pom.currentVersion}</version>
        </dependency>
        <dependency>
            <groupId>andromda${bootstrap}</groupId>
            <artifactId>andromda-metafacades-uml</artifactId>
            <version>${pom.currentVersion}</version>
        </dependency>
        <dependency>
            <groupId>andromda${bootstrap}</groupId>
            <artifactId>andromda-metafacades-uml14</artifactId>
            <version>${pom.currentVersion}</version>
        </dependency>
        <dependency>
            <groupId>andromda${bootstrap}</groupId>
            <artifactId>andromda-templateengine-velocity</artifactId>
            <version>${pom.currentVersion}</version>
        </dependency>
        <dependency>
            <groupId>andromda${bootstrap}</groupId>
            <artifactId>andromda-repository-mdr</artifactId>
            <version>${pom.currentVersion}</version>
        </dependency>
        <dependency>
            <groupId>andromda${bootstrap}</groupId>
            <artifactId>andromda-repository-mdr-uml14</artifactId>
            <version>${pom.currentVersion}</version>
        </dependency>
        <dependency>
            <groupId>andromda${bootstrap}</groupId>
            <artifactId>andromda-ocl-translation-core</artifactId>
            <version>${pom.currentVersion}</version>
        </dependency>
        <dependency>
            <groupId>andromda${bootstrap}</groupId>
            <artifactId>andromda-ocl-translation-testsuite</artifactId>
            <version>${pom.currentVersion}</version>
            <properties/>
        </dependency>
        <dependency>
            <groupId>andromda${bootstrap}</groupId>
            <artifactId>andromda-utils</artifactId>
            <version>${pom.currentVersion}</version>
            <properties/>
        </dependency>
        <dependency>
            <groupId>commons-beanutils</groupId>
            <artifactId>commons-beanutils</artifactId>
            <version>1.7.0</version>
            <properties/>
        </dependency>
        <dependency>
            <groupId>commons-collections</groupId>
            <artifactId>commons-collections</artifactId>
             <version>3.1</version>
            <properties/>
        </dependency>
        <dependency>
            <groupId>commons-digester</groupId>
            <artifactId>commons-digester</artifactId>
            <version>1.7</version>
        </dependency>
        <dependency>
            <groupId>commons-lang</groupId>
            <artifactId>commons-lang</artifactId>
            <version>2.3</version>
            <properties/>
        </dependency>
        <dependency>
            <groupId>commons-logging</groupId>
            <artifactId>commons-logging</artifactId>
            <version>1.1</version>
            <properties/>
        </dependency>
        <dependency>
            <groupId>log4j</groupId>
            <artifactId>log4j</artifactId>
            <version>1.2.8</version>
            <properties/>
        </dependency>
        <dependency>
            <groupId>jboss</groupId>
            <artifactId>javassist</artifactId>
            <version>2.6</version>
            <properties/>
        </dependency>
        <dependency>
            <groupId>velocity</groupId>
            <artifactId>velocity</artifactId>
            <version>1.4</version>
            <properties/>
        </dependency>
        <dependency>
            <groupId>jmi</groupId>
            <artifactId>jmiuml</artifactId>
            <version>1.4di</version>
            <properties/>
        </dependency>
        <dependency>
            <groupId>jmi</groupId>
            <artifactId>mof</artifactId>
            <version>20030918</version>
            <properties/>
        </dependency>
        <dependency>
            <groupId>jmi</groupId>
            <artifactId>jmi</artifactId>
            <version>20030918</version>
            <properties/>
        </dependency>
        <dependency>
            <groupId>mdr</groupId>
            <artifactId>jmiutils</artifactId>
            <version>20050711</version>
            <properties/>
        </dependency>
        <dependency>
            <groupId>mdr</groupId>
            <artifactId>mdrapi</artifactId>
            <version>20050711</version>
            <properties/>
        </dependency>
        <dependency>
            <groupId>mdr</groupId>
            <artifactId>nbmdr</artifactId>
            <version>20050711</version>
            <properties/>
        </dependency>
        <dependency>
            <groupId>mdr</groupId>
            <artifactId>openide-util</artifactId>
            <version>20050711</version>
            <properties/>
        </dependency>
        <dependency>
            <groupId>commons-jelly</groupId>
            <artifactId>commons-jelly-tags-velocity</artifactId>
            <version>1.0</version>
            <properties/>
        </dependency>
        <dependency>
              <groupId>commons-jelly</groupId>
              <artifactId>commons-jelly-tags-interaction</artifactId>
              <version>1.0</version>
        </dependency>
        <dependency>
              <groupId>commons-jelly</groupId>
              <artifactId>commons-jelly-tags-xml</artifactId>
              <version>1.0</version>
        </dependency>
    </dependencies>
    <build>
        <resources>
            <resource>
                <directory>.</directory>
                <includes>
                    <include>plugin.jelly</include>
                    <include>plugin.properties</include>
                    <include>project.xml</include>
                    <include>plugin-resources/**/*</include>
                </includes>
                <filtering>false</filtering>
            </resource>
        </resources>
    </build>
    <properties/>
</project>