<?xml version="1.0" encoding="UTF-8"?>

<project>
    <extend>../project.xml</extend>
    <artifactId>andromda-breadcrumbs-taglib</artifactId>
    <name>AndroMDA BreadCrumbs Taglib</name>
    <shortDescription>A tag-library for maintaining breadcrumbs in web applications</shortDescription>
    <description>
        This tag-library can be used to maintain and display breadcrumbs in a web application.
    </description>
    <repository>
        <connection>scm:cvs:${repository.connection.mode}:${repository.connection.user}@andromda.cvs.sourceforge.net:/cvsroot/andromda:andromda/etc/web/taglibs/breadcrumbs</connection>
        <url>http://andromda.cvs.sourceforge.net/andromda/etc/web/taglibs/breadcrumbs/</url>
    </repository>
</project>
