<component-set>
    <components>
        <component>
            <role>org.apache.maven.lifecycle.mapping.LifecycleMapping</role>
            <role-hint>xml.zip</role-hint>
            <implementation>org.apache.maven.lifecycle.mapping.DefaultLifecycleMapping</implementation>
            <configuration>
                <phases>
                    <process-test-resources>org.apache.maven.plugins:maven-resources-plugin:testResources</process-test-resources>
                    <test-compile>org.apache.maven.plugins:maven-compiler-plugin:testCompile</test-compile>
                    <test>org.apache.maven.plugins:maven-surefire-plugin:test</test>
                    <process-resources>org.apache.maven.plugins:maven-resources-plugin:resources</process-resources>
                    <compile>org.apache.maven.plugins:maven-compiler-plugin:compile</compile>
                    <package>org.andromda.maven.plugins:andromda-model-archiver-plugin:xml.zip</package>
                    <install>org.apache.maven.plugins:maven-install-plugin:install</install>
                    <deploy>org.apache.maven.plugins:maven-deploy-plugin:deploy</deploy>
                </phases>
            </configuration>
        </component>
        <component>
            <role>org.apache.maven.lifecycle.mapping.LifecycleMapping</role>
            <role-hint>uml2</role-hint>
            <implementation>org.apache.maven.lifecycle.mapping.DefaultLifecycleMapping</implementation>
            <configuration>
                <phases>
                    <process-test-resources>org.apache.maven.plugins:maven-resources-plugin:testResources</process-test-resources>
                    <test-compile>org.apache.maven.plugins:maven-compiler-plugin:testCompile</test-compile>
                    <test>org.apache.maven.plugins:maven-surefire-plugin:test</test>
                    <process-resources>org.apache.maven.plugins:maven-resources-plugin:resources</process-resources>
                    <compile>org.apache.maven.plugins:maven-compiler-plugin:compile</compile>
                    <package>org.andromda.maven.plugins:andromda-model-archiver-plugin:uml2</package>
                    <install>org.apache.maven.plugins:maven-install-plugin:install</install>
                    <deploy>org.apache.maven.plugins:maven-deploy-plugin:deploy</deploy>
                </phases>
            </configuration>
        </component>
        <component>
            <role>org.apache.maven.lifecycle.mapping.LifecycleMapping</role>
            <role-hint>profile.uml2</role-hint>
            <implementation>org.apache.maven.lifecycle.mapping.DefaultLifecycleMapping</implementation>
            <configuration>
                <phases>
                    <process-test-resources>org.apache.maven.plugins:maven-resources-plugin:testResources</process-test-resources>
                    <test-compile>org.apache.maven.plugins:maven-compiler-plugin:testCompile</test-compile>
                    <test>org.apache.maven.plugins:maven-surefire-plugin:test</test>
                    <process-resources>org.apache.maven.plugins:maven-resources-plugin:resources</process-resources>
                    <compile>org.apache.maven.plugins:maven-compiler-plugin:compile</compile>
                    <package>org.andromda.maven.plugins:andromda-model-archiver-plugin:uml2</package>
                    <install>org.apache.maven.plugins:maven-install-plugin:install</install>
                    <deploy>org.apache.maven.plugins:maven-deploy-plugin:deploy</deploy>
                </phases>
            </configuration>
        </component>
    </components>
</component-set>