<?xml version="1.0" encoding="UTF-8"?>

<project>
    <extend>../project.xml</extend>
    <artifactId>crud-common</artifactId>
    <name>CRUD Common</name>
    <shortDescription>${pom.name} Component</shortDescription>
    <description>
          Contains the ${pom.name} module.
    </description>
    <dependencies>
        <dependency>
            <groupId>${pom.groupId}</groupId>
            <artifactId>crud-mda</artifactId>
            <version>${pom.currentVersion}</version>
            <type>pom</type>
        </dependency>
        <dependency>
            <groupId>commons-beanutils</groupId>
            <artifactId>commons-beanutils</artifactId>
            <version>1.7.0</version>
        </dependency>
    </dependencies>
</project>
