<?xml version="1.0" encoding="ISO-8859-1" ?>

<translation-library>
    
    <templateEngine className="org.andromda.templateengines.velocity.VelocityTemplateEngine"/>

    <!-- contains the default class name (for this library) that provides the translation processing
         of the the translation file (it must implement org.andromda.core.translation.Translator)
         (this can also be overridden on each translation element) -->
    <translator>org.andromda.translation.ocl.query.QueryTranslator</translator>

    <!-- transformers -->
    <templateObject name="stringUtils" className="org.apache.commons.lang.StringUtils"/>

    <translation name="Hibernate-QL">
        <description>
            Describes translation fragments that help to
            generate Hibernate Query code out of OCL expressions.
        </description>
        <template path="translations/query/Hibernate-QL.vsl" variable="element"/>
    </translation>

    <translation name="EJB-QL">
        <translator>org.andromda.translation.ocl.query.EjbQLTranslator</translator>
        <description>
            Describes translation fragments that help to
            generate EJB QL query code out of OCL expressions.
        </description>
        <template path="translations/query/EJB-QL.vsl" variable="element"/>
    </translation>

</translation-library>