<?xml version="1.0" encoding="UTF-8"?>
<!DOCTYPE policy PUBLIC
          "-//JBoss//DTD JBOSS Security Config 3.0//EN"
          "http://www.jboss.org/j2ee/dtd/security_config.dtd">
<policy>
    <application-policy name="timetracker">
        <authentication>
            <login-module code="org.jboss.security.auth.spi.DatabaseServerLoginModule"
                          flag="required">
                <module-option name="debug">true</module-option>
                <module-option name="unauthenticatedIdentity">guest</module-option>
                <module-option name="dsJndiName">java:/jdbc/timetracker</module-option>
                <module-option name="principalsQuery">
                    select u.password as 'Password' from users u where binary u.username =?
                </module-option>
                <module-option name="rolesQuery">
                     select distinct ur.role as 'Roles', 'Roles' as 'RoleGroups' from users u left join users_user_role as uur on u.id = uur.users_id left join user_role as ur on ur.id = uur.roles_id where binary u.username =?
                </module-option>
                <!-- uncomment to enable MD5 and BASE64 hash encoding -->
                <module-option name="hashAlgorithm">MD5</module-option>
                <module-option name="hashEncoding">BASE64</module-option>
            </login-module>
        </authentication>
    </application-policy>
</policy>