<?xml version="1.0" encoding="UTF-8"?>

<project>
    <extend>../project.xml</extend>
    <artifactId>crud-app</artifactId>
    <name>CRUD Application</name>
    <shortDescription>
        The ${pom.name} J2EE application.
    </shortDescription>
    <dependencies>
        <dependency>
            <groupId>${pom.groupId}</groupId>
            <artifactId>crud-core</artifactId>
            <version>${pom.currentVersion}</version>
            <type>ejb</type>
            <properties>
                <ear.bundle>true</ear.bundle>
            </properties>
        </dependency>
        <dependency>
            <groupId>${pom.groupId}</groupId>
            <artifactId>crud-common</artifactId>
            <version>${pom.currentVersion}</version>
            <properties>
                <ear.bundle>true</ear.bundle>
            </properties>
        </dependency>
        <dependency>
            <groupId>${pom.groupId}</groupId>
            <artifactId>crud-web</artifactId>
            <version>${pom.currentVersion}</version>
            <type>war</type>
            <properties>
                <ear.bundle>true</ear.bundle>
                <ear.appxml.war.context-root>/crud</ear.appxml.war.context-root>
            </properties>
        </dependency>
        <dependency>
            <groupId>commons-beanutils</groupId>
            <artifactId>commons-beanutils</artifactId>
            <version>1.7.0</version>
            <properties>
                <ear.bundle>true</ear.bundle>
            </properties>
        </dependency>
        <dependency>
            <groupId>commons-collections</groupId>
            <artifactId>commons-collections</artifactId>
            <version>3.1</version>
            <properties>
                <ear.bundle>true</ear.bundle>
            </properties>
        </dependency>
        <dependency>
            <groupId>commons-lang</groupId>
            <artifactId>commons-lang</artifactId>
            <version>2.3</version>
            <properties>
                <ear.bundle>true</ear.bundle>
            </properties>
        </dependency>
        <!-- This dependency causes class loading issues with jboss-tomcat,
             however other app servers may require it (since it may not
             be bundled with the server like it is with jboss/tomcat
        <dependency>
            <groupId>commons-logging</groupId>
            <artifactId>commons-logging</artifactId>
            <version>1.1</version>
            <properties>
                <ear.bundle>true</ear.bundle>
            </properties>
        </dependency>
          -->
        <dependency>
            <groupId>hibernate</groupId>
            <artifactId>hibernate</artifactId>
            <version>3.2.6.ga</version>
            <properties>
                <ear.bundle>true</ear.bundle>
            </properties>
        </dependency>
        <dependency>
            <groupId>cglib</groupId>
            <artifactId>cglib</artifactId>
            <version>2.0.2</version>
            <properties>
                <ear.bundle>true</ear.bundle>
            </properties>
        </dependency>
        <dependency>
            <groupId>dom4j</groupId>
            <artifactId>dom4j</artifactId>
            <version>1.6.1</version>
            <properties>
                <ear.bundle>true</ear.bundle>
            </properties>
        </dependency>
        <dependency>
            <groupId>odmg</groupId>
            <artifactId>odmg</artifactId>
            <version>3.0</version>
            <properties>
                <ear.bundle>true</ear.bundle>
            </properties>
        </dependency>
        <dependency>
            <groupId>ehcache</groupId>
            <artifactId>ehcache</artifactId>
            <version>0.9</version>
            <properties>
                <ear.bundle>true</ear.bundle>
            </properties>
        </dependency>
        <dependency>
            <groupId>asm</groupId>
            <artifactId>asm</artifactId>
            <version>1.4.3</version>
            <properties>
                <ear.bundle>true</ear.bundle>
            </properties>
        </dependency>
        <dependency>
            <groupId>andromda</groupId>
            <artifactId>andromda-core</artifactId>
            <version>${pom.currentVersion}</version>
            <type>jar</type>
            <properties>
                <ear.bundle>true</ear.bundle>
            </properties>
        </dependency>
        <dependency>
            <groupId>andromda</groupId>
            <artifactId>andromda-ocl-translation-core</artifactId>
            <version>${pom.currentVersion}</version>
            <type>jar</type>
            <properties>
                <ear.bundle>true</ear.bundle>
            </properties>
        </dependency>
        <dependency>
            <groupId>andromda</groupId>
            <artifactId>andromda-ocl-validation-library</artifactId>
            <version>${pom.currentVersion}</version>
            <type>jar</type>
            <properties>
                <ear.bundle>true</ear.bundle>
            </properties>
        </dependency>
        <dependency>
            <groupId>aopalliance</groupId>
            <artifactId>aopalliance</artifactId>
            <version>1.0</version>
            <properties>
                <ear.bundle>true</ear.bundle>
            </properties>
        </dependency>
        <dependency>
            <groupId>springframework</groupId>
            <artifactId>spring</artifactId>
            <version>1.2.9</version>
            <properties>
                <ear.bundle>true</ear.bundle>
            </properties>
        </dependency>
    </dependencies>
</project>
