<?xml version="1.0" encoding="UTF-8"?>

<project>
  	<extend>../project.xml</extend>
  	<artifactId>andromda-templateengine-velocity</artifactId>
  	<name>Velocity Template Engine</name>
  	<shortDescription>The Velocity Template Engine</shortDescription>
  	<description>
  		This is the template engine that supports Apache's Velocity
  		scripting language.
  	</description>
  	<package>org.andromda.templateengines.velocity</package>
	<dependencies>
    	<dependency>
	      	<groupId>andromda</groupId>
	      	<artifactId>andromda-core</artifactId>
	      	<version>${pom.currentVersion}</version>
	    </dependency>
    	<dependency> 
    		<groupId>velocity</groupId>
      		<artifactId>velocity</artifactId>
     		<version>1.4</version>
    	</dependency> 	
	    <dependency>
	      	<groupId>commons-lang</groupId>
	      	<artifactId>commons-lang</artifactId>
	      	<version>2.3</version>
	    </dependency>
	    <dependency>
	      	<groupId>commons-collections</groupId>
	      	<artifactId>commons-collections</artifactId>
     		<version>3.1</version>
	    </dependency>
		<dependency> 
    		<groupId>log4j</groupId>
      		<artifactId>log4j</artifactId>
     		<version>1.2.8</version>
    	</dependency> 
        <dependency>
            <groupId>commons-digester</groupId>
            <artifactId>commons-digester</artifactId>
            <version>1.7</version>
            <type>test</type>
        </dependency>
        <dependency>
            <groupId>commons-logging</groupId>
            <artifactId>commons-logging</artifactId>
            <version>1.1</version>
            <type>test</type>
        </dependency>
        <dependency>
            <groupId>commons-beanutils</groupId>
            <artifactId>commons-beanutils</artifactId>
            <version>1.7.0</version>
            <type>test</type>
        </dependency>
	</dependencies>	
</project>
