<?xml version="1.0" encoding="UTF-8"?>

<project>
    <extend>../../project.xml</extend>
    <name>AndroMDA Schema2XMI</name>
    <artifactId>andromda-schema2xmi</artifactId>
    <package>org.andromda.schema2xmi</package>
	<description>
		Provides XMI Generation from a Database Schema.  This is for users
		who would like to take an existing database schema and reverse engineer it
		into an XMI document.
	</description>
    <shortDescription>Schema to XMI transformation engine</shortDescription>
    <repository>
        <connection>scm:cvs:${repository.connection.mode}:${repository.connection.user}@andromda.cvs.sourceforge.net:/cvsroot/andromda:andromda/andromda/etc/schema2xmi</connection>
        <url>http://andromda.cvs.sourceforge.net/andromda/productbuild/etc/schema2xmi/</url>
    </repository>
    <developers>
        <developer>
            <name>Chad Brandon</name>
            <id>cwbrandon</id>
            <email>chad@andromda.org</email>
            <roles>
                <role>Developer</role>
            </roles>
        </developer>
    </developers>
    <dependencies>
        <dependency>
            <groupId>andromda</groupId>
            <artifactId>andromda-core</artifactId>
            <version>${pom.currentVersion}</version>
            <properties/>
        </dependency>
        <dependency>
            <groupId>andromda</groupId>
            <artifactId>andromda-metafacades-uml</artifactId>
            <version>${pom.currentVersion}</version>
            <properties/>
        </dependency>
        <dependency>
            <groupId>andromda</groupId>
            <artifactId>andromda-metafacades-uml14</artifactId>
            <version>${pom.currentVersion}</version>
            <properties/>
        </dependency>
        <dependency>
            <groupId>andromda</groupId>
            <artifactId>andromda-repository-mdr</artifactId>
            <version>${pom.currentVersion}</version>
            <properties/>
        </dependency>
        <dependency>
            <groupId>andromda</groupId>
            <artifactId>andromda-repository-mdr-uml14</artifactId>
            <version>${pom.currentVersion}</version>
            <properties/>
        </dependency>
        <dependency>
            <groupId>commons-cli</groupId>
            <artifactId>commons-cli</artifactId>
            <version>1.0</version>
            <properties/>
        </dependency>
        <dependency>
            <groupId>commons-collections</groupId>
            <artifactId>commons-collections</artifactId>
     		<version>3.1</version>
            <properties/>
        </dependency>
        <dependency>
            <groupId>commons-digester</groupId>
            <artifactId>commons-digester</artifactId>
            <version>1.7</version>
            <properties/>
        </dependency>
     	<dependency> 
    		<groupId>commons-dbutils</groupId>
      		<artifactId>commons-dbutils</artifactId>
     		<version>1.0</version>
    	</dependency>  
        <dependency>
            <groupId>commons-logging</groupId>
            <artifactId>commons-logging</artifactId>
            <version>1.1</version>
            <properties/>
        </dependency>
        <dependency>
            <groupId>commons-lang</groupId>
            <artifactId>commons-lang</artifactId>
            <version>2.3</version>
            <properties/>
        </dependency>
        <dependency>
            <groupId>log4j</groupId>
            <artifactId>log4j</artifactId>
            <version>1.2.8</version>
            <properties/>
        </dependency>
    	<dependency> 
    		<groupId>jmi</groupId>
      		<artifactId>jmiuml</artifactId>
     		<version>1.4di</version>
    	</dependency>   
    	<dependency> 
    		<groupId>jmi</groupId>
      		<artifactId>mof</artifactId>
     		<version>20030918</version>
    	</dependency>  
    	<dependency> 
    		<groupId>jmi</groupId>
      		<artifactId>jmi</artifactId>
     		<version>20030918</version>
    	</dependency>  
    	<dependency> 
    		<groupId>mdr</groupId>
      		<artifactId>jmiutils</artifactId>
     		<version>20050711</version>
    	</dependency> 
    	<dependency> 
    		<groupId>mdr</groupId>
      		<artifactId>mdrapi</artifactId>
     		<version>20050711</version>
    	</dependency>  
     	<dependency> 
    		<groupId>mdr</groupId>
      		<artifactId>nbmdr</artifactId>
     		<version>20050711</version>
    	</dependency>     	
     	<dependency> 
    		<groupId>mdr</groupId>
      		<artifactId>openide-util</artifactId>
     		<version>20050711</version>
    	</dependency>  
        <dependency>
            <groupId>${pom.groupId}</groupId>
            <artifactId>andromda-site-plugin</artifactId>
            <version>${pom.currentVersion}</version>
            <type>plugin</type>
        </dependency>
	</dependencies>
    <build>
        <sourceDirectory>src/java</sourceDirectory>
        <unitTestSourceDirectory>src/test/java</unitTestSourceDirectory>
    	<!-- Unit test classes -->
    	<unitTest>
	      	<includes>
	        	<include>**/*Test.java</include>
	     	</includes>  
            <resources>
                <resource>
                    <directory>src/test/uml</directory>
                    <includes>
                         <include>**/*</include>
                    </includes>
                </resource>
                <resource>
                    <directory>${maven.conf.dir}</directory>
                    <includes>
                         <include>**/*</include>
                    </includes>
                </resource>
            </resources>   	
    	</unitTest>
    </build>
    <reports>
        <report>maven-jxr-plugin</report>
        <report>maven-javadoc-plugin</report>
        <report>maven-simian-plugin</report>
        <report>maven-pmd-plugin</report>
        <report>maven-jdepend-plugin</report>
        <report>maven-faq-plugin</report>
        <report>maven-tasklist-plugin</report>
        <report>maven-file-activity-plugin</report>
        <report>maven-developer-activity-plugin</report>
        <report>maven-junit-report-plugin</report>
        <report>maven-changelog-plugin</report>
        <report>maven-changes-plugin</report>
    </reports>
</project>