﻿<?xml version="1.0" encoding="utf-8" ?>
<hibernate-mapping xmlns="urn:nhibernate-mapping-2.0">
	<class name="nUGSoft.BusinessEntities.FooBar, NHibTest" table="FooBar">
		<id name="Id" column="id" type="Int32">
			<generator class="identity" />
		</id>
		<property name="TestBool" column= "boolCol" type="NHibernate.Nullables2.NullableBooleanType, NHibernate.Nullables2" />
		<property name="TestByte" column= "byteCol" type="NHibernate.Nullables2.NullableByteType, NHibernate.Nullables2" />
		<property name="TestChar" column= "charCol" type="NHibernate.Nullables2.NullableCharType, NHibernate.Nullables2" />
		<property name="TestDateTime" column= "datetimeCol" type="NHibernate.Nullables2.NullableDateTimeType, NHibernate.Nullables2" />
		<property name="TestDecimal" column= "decimalCol" type="NHibernate.Nullables2.NullableDecimalType, NHibernate.Nullables2" />
		<property name="TestDouble" column= "doubleCol" type="NHibernate.Nullables2.NullableDoubleType, NHibernate.Nullables2" />
		<property name="TestGuid" column= "guidCol" type="NHibernate.Nullables2.NullableGuidType, NHibernate.Nullables2" />
		<property name="TestInt16" column= "int16Col" type="NHibernate.Nullables2.NullableInt16Type, NHibernate.Nullables2" />
		<property name="TestInt32" column= "int32Col" type="NHibernate.Nullables2.NullableInt32Type, NHibernate.Nullables2" />
		<property name="TestInt64" column= "int64Col" type="NHibernate.Nullables2.NullableInt64Type, NHibernate.Nullables2" />
		<property name="TestSByte" column= "sbyteCol" type="NHibernate.Nullables2.NullableSByteType, NHibernate.Nullables2" />
		<property name="TestSingle" column= "singleCol" type="NHibernate.Nullables2.NullableSingleType, NHibernate.Nullables2" />
			</class>
</hibernate-mapping>