<?xml version="1.0" encoding="UTF-8"?>

<project>
    <extend>../project.xml</extend>
    <artifactId>andromda-samples</artifactId>
    <name>AndroMDA Samples</name>
    <groupId>andromda/samples</groupId>
    <repository>
        <connection>scm:cvs:${repository.connection.mode}:${repository.connection.user}@andromda.cvs.sourceforge.net:/cvsroot/andromda:andromda/samples/${pom.artifactId}</connection>
        <url>http://andromda.cvs.sourceforge.net/andromda/samples/${pom.artifactId}/</url>
    </repository>
    <build>
        <sourceDirectory>src/main/java</sourceDirectory>
        <unitTestSourceDirectory>src/test</unitTestSourceDirectory>

        <!-- Unit test classes -->
        <unitTest>
            <includes>
                <include>**/Test*.java</include>
            </includes>
        </unitTest>
        <resources>
            <resource>
                <directory>src/main/java</directory>
                <includes>
                    <include>**/*.xml</include>
                    <include>**/*.properties</include>
                </includes>
            </resource>
            <resource>
                <directory>src</directory>
                <excludes>
                    <exclude>java/**/*.java</exclude>
                    <exclude>uml/**/*</exclude>
                    <exclude>test/**/*</exclude>
                </excludes>
            </resource>
            <resource>
                <directory>target/src</directory>
                <excludes>
                    <exclude>**/*.java</exclude>
                </excludes>
            </resource>
        </resources>
    </build>
</project>
