<cartridge>
    
    <templateEngine className="org.andromda.templateengines.velocity.VelocityTemplateEngine">
        <!-- cartridge-macrolibrary merge-point-->
    </templateEngine>
    
    <!-- define the template objects that are made available to the template -->
    <templateObject name="stringUtils" className="org.andromda.core.common.StringUtilsHelper"/>
    <templateObject name="jsfUtils" className="org.andromda.cartridges.jsf.JSFUtils">
        <property reference="viewType"/>
        <property reference="strictDateTimeFormat"/>
    </templateObject>
    <!-- cartridge-templateObject merge-point-->

    <property reference="xmlEncoding"/>
    <property reference="facesConfig"/>
    <property reference="jspIncludes"/>
    <property reference="messageResources"/>
    <property reference="welcomeFileName"/>
    <property reference="facesServletExtension"/>
    <property reference="managedBeansPackage"/>
    <property reference="preferencesClassName"/>
    <property reference="preferencesBeanName"/>
    <property reference="menuLayout"/>
    <property reference="menuTheme"/>
    <property reference="applicationName"/>
    <property reference="formPopulatorName"/>
    <property reference="exceptionHandlerPattern"/>
    <property reference="converterPattern"/>
    <property reference="actionFormKey"/>
    <property reference="patternMatchingExceptionHandler"/>
    <property reference="defaultDateFormat"/>
    <property reference="defaultTimeFormat"/>
    <property reference="dummyData"/>
    <property reference="jsfComponentsPackage"/>
    <property reference="clientValidation"/>
    <property reference="fileTypeName"/>
    <property reference="securityRealm"/>
    <property reference="loginFileName"/>
    <property reference="logoutFileName"/>
    <property reference="virtualHost"/>
    <property reference="defaultMultiSelectSize"/>
    <property reference="enablePreferences"/>
    <property reference="distributable"/>
    <property reference="stateSavingMethod"/>
    <property reference="sessionTimeout"/>
    <property reference="toDoTag"/>
    <property reference="enableFaceletsDevelopmentSupport"/>
    <property reference="viewType"/>
    <property reference="strictDateTimeFormat"/>
    <property reference="libraries"/>
    <property reference="application-libraries"/>
    <property reference="adfContextAttributeName"/>
    <property reference="skin"/>
    <property reference="custom-resources"/>
    <property reference="formSerialization"/>
    <property reference="formMessagesProperty"/>
    <property reference="useCaseForwardsClassName"/>
    <property reference="maxTableRows"/>
    <property reference="ejbJndiNamePrefix"/>
    <!-- cartridge-property merge-point -->
    
    <condition name="viewTypeIsJsp">$viewType.equalsIgnoreCase("jsp")</condition>
    <condition name="viewTypeIsFacelets">$viewType.equalsIgnoreCase("facelets")</condition>
    <condition name="outputCustomResources">$stringUtils.isNotBlank($custom-resources)</condition>
    <condition name="faceletsDevelopmentSupportEnabled">
        #if ($viewType.equalsIgnoreCase("facelets") &amp;&amp; $enableFaceletsDevelopmentSupport.equalsIgnoreCase("true"))true#end
    </condition>
    <condition name="outputLibraries">$stringUtils.isNotBlank($libraries)</condition>
    <condition name="enablePreferences">$enablePreferences.equalsIgnoreCase("true")</condition>
    <condition name="clientValidation">$clientValidation.equalsIgnoreCase("true")</condition>
    <condition name="formSerialization">$formSerialization.equalsIgnoreCase("true")</condition>
    <condition name="securityEnabled">$stringUtils.isNotBlank($securityRealm)</condition>

    <!-- condition merge-point-->

    <!-- cartridge-resource merge-point -->
    
    <!--
    <resource
        path="views/images/*.*"
        outputPattern="images/{0}"
        outlet="views"
        overwrite="true"/>
        
    <resource
        path="views/css/*"
        outputPattern="css/{0}"
        outlet="custom-resources"
        overwrite="false"/>
    -->
    
    <!-- process templates on model elements -->
    <template
        path="templates/seam/configuration/web.xml.vsl"
        outputPattern="WEB-INF/web.xml"
        outlet="configuration"
        overwrite="true"
        outputToSingleFile="true">
        <!--
        <modelElements>
            <modelElement variable="applicationUseCases">
                <type name="org.andromda.metafacades.uml.FrontEndUseCase">
                    <property name="entryUseCase"/>
                </type>
            </modelElement>
            <modelElement variable="useCases">
                <type name="org.andromda.metafacades.uml.FrontEndUseCase"/>
            </modelElement>
        </modelElements>
        -->         
    </template>
    
    <template
        path="templates/seam/configuration/jboss-web.xml.vsl"
        outputPattern="WEB-INF/jboss-web.xml"
        outlet="configuration"
        overwrite="true"/>
    
    <template
        path="templates/seam/configuration/faces-config.xml.vsl"
        outputPattern="WEB-INF/${facesConfig}"
        outlet="configuration"
        overwrite="true"
        outputToSingleFile="true"/>

    <!--
    <template
        path="templates/seam/configuration/navigation.xml.vsl"
        outputPattern="WEB-INF/navigation.xml"
        outlet="configuration"
        overwrite="true"
        outputToSingleFile="true">
        <modelElements>
            <modelElement variable="applicationUseCases">
                <type name="org.andromda.metafacades.uml.FrontEndUseCase">
                    <property name="entryUseCase"/>
                </type>
            </modelElement>
        </modelElements>    
    </template>
    -->
    
    <template
        path="templates/seam/configuration/components.xml.vsl"
        outputPattern="WEB-INF/components.xml"
        outlet="configuration"
        overwrite="true"
        outputToSingleFile="true"/>
    
    <!--
    <template
        path="templates/seam/messages/messages.properties.vsl"
        outputPattern="WEB-INF/classes/messages.properties"
        outlet="messages"
        overwrite="true"
        outputToSingleFile="true">
        <modelElements variable="applicationUseCases">
            <modelElement variable="applicationUseCases">
                <type name="org.andromda.metafacades.uml.FrontEndUseCase">
                    <property name="entryUseCase"/>
                </type>
            </modelElement>            
        </modelElements>
    </template>
    -->
    
    <!--
    <template
        path="templates/seam/views/jsp/index.jsp.vsl"
        outputPattern="$welcomeFileName"
        outlet="views"
        overwrite="true"
        outputToSingleFile="true"
        outputOnEmptyElements="false">
        <modelElements>
            <modelElement variable="applicationUseCases">
                <type name="org.andromda.metafacades.uml.FrontEndUseCase">
                    <property name="entryUseCase"/>
                </type>
            </modelElement>
        </modelElements>
    </template>   
    
    <template
        path="templates/seam/views/jsp/403.jsp.vsl"
        outputPattern="403.jsp"
        outlet="views"
        overwrite="true"
        outputToSingleFile="true"
        outputOnEmptyElements="false">
        <modelElements>
            <modelElement variable="applicationUseCases">
                <type name="org.andromda.metafacades.uml.FrontEndUseCase">
                    <property name="entryUseCase"/>
                </type>
            </modelElement>
        </modelElements>
    </template> 
    -->
       
    <!-- Facelets specific view rendering -->   
    <!--
    <template
        path="templates/seam/views/facelets/layout/layout.xhtml.vsl"
        outputPattern="layout/layout.xhtml"
        outlet="views"
        overwrite="true"     
        generateEmptyFiles="true"/>    
    
    <template
        path="templates/seam/views/facelets/layout/registration-layout.xhtml.vsl"
        outputPattern="layout/registration-layout.xhtml"
        outlet="views"
        overwrite="true"
        outputToSingleFile="true"
        outputOnEmptyElements="false">
        <modelElements>
            <modelElement>
                <type name="org.andromda.metafacades.uml.FrontEndUseCase">
                    <property name="registrationUseCase">true</property>
                </type>
            </modelElement>
        </modelElements>        
    </template>
    
    <template
        path="templates/seam/views/facelets/layout/header.xhtml.vsl"
        outputPattern="layout/header.xhtml"
        outlet="views"
        overwrite="true"     
        generateEmptyFiles="true"/>  
    
    <template
        path="templates/seam/views/facelets/layout/messages.xhtml.vsl"
        outputPattern="layout/messages.xhtml"
        outlet="views"
        overwrite="true"     
        generateEmptyFiles="true"/> 
    
    <template
        path="templates/seam/views/facelets/layout/head.xhtml.vsl"
        outputPattern="layout/head.xhtml"
        outlet="views"
        overwrite="true"/>
    
    <template
        path="templates/seam/views/facelets/layout/menu.xhtml.vsl"
        outputPattern="layout/menu.xhtml"
        outlet="views"
        overwrite="true"
        outputToSingleFile="true">
        <modelElements>
            <modelElement variable="useCases">
                <type name="org.andromda.metafacades.uml.FrontEndUseCase">
                    <property name="registrationUseCase">false</property>
                </type>
            </modelElement>
        </modelElements>        
    </template>
   
    <template
        path="templates/seam/views/facelets/layout/footer.xhtml.vsl"
        outputPattern="layout/footer.xhtml"
        outlet="views"
        overwrite="true"
        generateEmptyFiles="true"/>
    
    <template
        path="templates/seam/views/facelets/view.xhtml.vsl"
        outputPattern="${view.path}.xhtml"
        outlet="views"
        overwrite="true">
        <modelElements variable="view">
            <modelElement>
                <type name="org.andromda.metafacades.uml.FrontEndView">
                    <property name="popup">false</property>
                </type>
            </modelElement>
        </modelElements>
    </template>
    
    <template
        path="templates/seam/views/facelets/view-popup.xhtml.vsl"
        outputPattern="${view.path}.xhtml"
        outlet="views"
        overwrite="true">
        <modelElements variable="view">
            <modelElement>
                <type name="org.andromda.metafacades.uml.FrontEndView">
                    <property name="popup"/>
                </type>
            </modelElement>
        </modelElements>
    </template>
    
    <template
        path="templates/seam/views/facelets/view-action.xhtml.vsl"
        outputPattern="${action.viewFragmentPath}.xhtml"
        outlet="views"
        overwrite="true">
        <modelElements variable="action">
            <modelElement>
                <type name="org.andromda.metafacades.uml.FrontEndAction">
                    <property name="tableLink">false</property>
                    <property name="input"/>
                </type>
            </modelElement>
        </modelElements>
    </template>
    
    <template
        path="templates/seam/views/facelets/view-table.xhtml.vsl"
        outputPattern="${table.view.path}-${table.name}.xhtml"
        outlet="views"
        overwrite="true">
        <modelElements variable="table">
            <modelElement>
                <type name="org.andromda.metafacades.uml.FrontEndParameter">
                    <property name="table"/>
                    <property name="view"/>
                </type>
            </modelElement>
        </modelElements>
    </template>
    
    <template
        path="templates/seam/views/facelets/view-variables.xhtml.vsl"
        outputPattern="${view.path}-vars.xhtml"
        outlet="views"
        overwrite="true">
        <modelElements variable="view">
            <modelElement>
                <type name="org.andromda.metafacades.uml.FrontEndView">
                    <property name="nonTableVariablesPresent"/>
                </type>
            </modelElement>
        </modelElements>
    </template>
    
    <template
        path="templates/seam/views/facelets/view-hidden-parameters.xhtml.vsl"
        outputPattern="${action.viewFragmentPath}-hidden-params.xhtml"
        outlet="views"
        overwrite="true">
        <modelElements variable="action">
            <modelElement>
                <type name="org.andromda.metafacades.uml.FrontEndAction">
                    <property name="tableLink">false</property>
                    <property name="hiddenParameters"/>
                </type>
            </modelElement>
        </modelElements>
    </template>
    
    <template
        path="templates/seam/views/facelets/preferences/preferences.xhtml.vsl"
        outputPattern="preferences/preferences.xhtml"
        outlet="views"
        overwrite="true"/>
    
    <template
        path="templates/seam/views/facelets/login.xhtml.vsl"
        outputPattern="${loginFileName}.xhtml"
        outlet="views"
        overwrite="true"
        outputToSingleFile="true">
        <modelElements>
            <modelElement variable="registrationUseCases">
                <type name="org.andromda.metafacades.uml.FrontEndUseCase">
                    <property name="registrationUseCase"/>
                </type>
            </modelElement>
        </modelElements>      
    </template>
    -->

    <!-- cartridge-template merge-point -->

</cartridge>