<?xml version="1.0" encoding="ISO-8859-1" ?>
<!--
  This is used to map the model types to
  DB2 types for generated code.
-->
<mappings name="DB2">
    <mapping>
        <from>datatype::String</from>
        <to>VARCHAR(256)</to>
    </mapping>
    <mapping>
        <from>datatype::Date</from>
        <to>DATE</to>
    </mapping>
    <mapping>
        <from>datatype::Time</from>
        <to>TIME</to>
    </mapping>
    <mapping>
        <from>datatype::Timestamp</from>
        <from>datatype::DateTime</from>
        <to>TIMESTAMP</to>
    </mapping>
    <mapping>
        <from>datatype::char</from>
        <from>datatype::Character</from>
        <to>CHAR</to>
    </mapping>
    <mapping>
        <from>datatype::byte</from>
        <from>datatype::Byte</from>
        <to>CHAR BYTE</to>
    </mapping>
    <mapping>
        <from>datatype::short</from>
        <from>datatype::Short</from>
        <to>SMALLINT</to>
    </mapping>
    <mapping>
        <from>datatype::int</from>
        <from>datatype::Integer</from>
        <to>INTEGER</to>
    </mapping>
    <mapping>
        <from>datatype::long</from>
        <from>datatype::Long</from>
        <to>BIGINT</to>
    </mapping>
    <mapping>
        <from>datatype::float</from>
        <from>datatype::Float</from>
        <to>REAL</to>
    </mapping>
    <mapping>
        <from>datatype::double</from>
        <from>datatype::Double</from>
        <from>datatype::Money</from>
        <to>DOUBLE</to>
    </mapping>
    <mapping>
        <from>datatype::boolean</from>
        <from>datatype::Boolean</from>
        <to>SMALLINT</to>
    </mapping>
    <mapping>
        <from>datatype::Decimal</from>
        <from>datatype::decimal</from>
        <to>DECIMAL</to>
    </mapping>
    <mapping>
        <from>datatype::Clob</from>
        <to>CLOB</to>
    </mapping>
    <mapping>
        <from>datatype::Blob</from>
        <to>BLOB</to>
    </mapping>
</mappings>
