<?xml version="1.0" encoding="ISO-8859-1" ?>
<!--
  This is used to map the Java language primitive types names
  to Java wrapper type names.
-->
<mappings name="JavaWrapper">
    <mapping>
        <from>int</from>
        <to>java.lang.Integer</to>
    </mapping>
    <mapping>
        <from>char</from>
        <to>java.lang.Character</to>
    </mapping>
    <mapping>
        <from>byte</from>
        <to>java.lang.Byte</to>
    </mapping>
    <mapping>
        <from>short</from>
        <to>java.lang.Short</to>
    </mapping>
    <mapping>
        <from>long</from>
        <to>java.lang.Long</to>
    </mapping>
    <mapping>
        <from>float</from>
        <to>java.lang.Float</to>
    </mapping>
    <mapping>
        <from>double</from>
        <to>java.lang.Double</to>
    </mapping>
    <mapping>
          <from>boolean</from>
          <to>java.lang.Boolean</to>
    </mapping>
</mappings>
