<?xml version="1.0" encoding="ISO-8859-1" ?>
<!--
  This is used to map the model types to 
  Oracle 9i types for generated code.
-->
<mappings name="Oracle9i">
    <mapping>
        <from>datatype::String</from>
        <to>VARCHAR2(255)</to>
    </mapping>
    <mapping>
        <from>datatype::Date</from>
        <to>TIMESTAMP(3)</to>
    </mapping>
    <mapping>
        <from>datatype::Time</from>
        <to>DATE</to>
    </mapping>
    <mapping>
        <from>datatype::Timestamp</from>
        <from>datatype::DateTime</from>
        <to>TIMESTAMP(9)</to>
    </mapping>
    <mapping>
        <from>datatype::char</from>
        <from>datatype::Character</from>
        <to>CHAR</to>
    </mapping>
    <mapping>
        <from>datatype::byte</from>
        <from>datatype::Byte</from>
        <to>NUMBER(3)</to>
    </mapping>
    <mapping>
        <from>datatype::short</from>
        <from>datatype::Short</from>
        <to>NUMBER(5)</to>
    </mapping>
    <mapping>
        <from>datatype::int</from>
        <from>datatype::Integer</from>
        <to>NUMBER(10)</to>
    </mapping>
    <mapping>
        <from>datatype::long</from>
        <from>datatype::Long</from>
        <to>NUMBER(19)</to>
    </mapping>
    <mapping>
        <from>datatype::float</from>
        <from>datatype::Float</from>
        <to>NUMBER(38,7)</to>
    </mapping>
    <mapping>
        <from>datatype::double</from>
        <from>datatype::Double</from>
        <from>datatype::Money</from>
        <to>NUMBER(38,15)</to>
    </mapping>
    <mapping>
        <from>datatype::Boolean</from>
        <from>datatype::boolean</from>
        <to>NUMBER(1)</to>
    </mapping>
    <mapping>
        <from>datatype::Decimal</from>
        <from>datatype::decimal</from>
        <to>NUMBER(38,15)</to>
    </mapping>
    <mapping>
        <from>datatype::Blob</from>
        <to>BLOB</to>
    </mapping>
    <mapping>
        <from>datatype::Clob</from>
        <to>CLOB</to>
    </mapping>
</mappings>
