<?xml version="1.0" encoding="ISO-8859-1" ?>
<!--
  This is used to map the model types to XML Schema types
  for the generated code.
-->
<mappings name="XmlSchema">
    <mapping>
        <from>datatype::boolean</from>
        <from>datatype::Boolean</from>
        <to>boolean</to>
    </mapping>
    <mapping>
        <from>datatype::byte</from>
        <from>datatype::Byte</from>
        <to>byte</to>
    </mapping>
    <mapping>
        <from>datatype::Blob</from>
        <from>datatype::byte[]</from>
        <from>datatype::Byte[]</from>
        <to>base64Binary</to>
    </mapping>
    <mapping>
        <from>datatype::URI</from>
        <from>datatype::URL</from>
        <from>datatype::char[]</from>
        <from>datatype::Char[]</from>
        <from>datatype::String</from>
        <from>datatype::Clob</from>
        <to>string</to>
    </mapping>
    <mapping>
        <from>datatype::Time</from>
        <to>time</to>
    </mapping>
    <mapping>
        <from>datatype::Date</from>
        <to>date</to>
    </mapping>
    <mapping>
        <from>datatype::DateTime</from>
        <from>datatype::Timestamp</from>
        <to>dateTime</to>
    </mapping>
    <mapping>
        <from>datatype::int</from>
        <from>datatype::char</from>
        <to>int</to>
    </mapping>
    <mapping>
        <from>datatype::Integer</from>
        <to>integer</to>
    </mapping>
    <mapping>
        <from>datatype::Decimal</from>
        <to>decimal</to>
    </mapping>
    <mapping>
        <from>datatype::double</from>
        <from>datatype::Double</from>
        <from>datatype::Money</from>
        <to>double</to>
    </mapping>
    <mapping>
        <from>datatype::float</from>
        <from>datatype::Float</from>
        <to>float</to>
    </mapping>
    <mapping>
        <from>datatype::long</from>
        <from>datatype::Long</from>
        <to>long</to>
    </mapping>
    <mapping>
        <from>datatype::short</from>
        <from>datatype::Short</from>
        <to>short</to>
    </mapping>
    <mapping>
        <from>datatype::Object</from>
        <to>anyType</to>
    </mapping>
</mappings>
