<?xml version="1.0" encoding="UTF-8"?>

<project>
    <extend>../project.xml</extend>
    <artifactId>andromda-ocl-translation-libraries</artifactId>
    <name>AndroMDA OCL Translation Libraries</name>
    <package>org.andromda.translation.ocl</package>
    <issueTrackingUrl>${issue.tracking.location}/BrowseProject.jspa?id=10002&amp;decorator=none</issueTrackingUrl>
    <repository>
        <connection>scm:cvs:${repository.connection.mode}:${repository.connection.user}@andromda.cvs.sourceforge.net:/cvsroot/andromda:andromda/translation-libraries/ocl/${pom.artifactId.replaceAll('-library', '').replaceAll('-ocl', '')}</connection>
        <url>http://andromda.cvs.sourceforge.net/andromda/translation-libraries/ocl/${pom.artifactId.replaceAll('-library', '').replaceAll('-ocl', '')}/</url>
    </repository>
    <!-- restrict the reports generated -->
    <reports>
        <report>maven-jxr-plugin</report>
        <report>maven-javadoc-plugin</report>
        <report>maven-simian-plugin</report>
        <report>maven-pmd-plugin</report>
        <report>maven-jdepend-plugin</report>
        <report>maven-faq-plugin</report>
        <report>maven-tasklist-plugin</report>
        <report>maven-file-activity-plugin</report>
        <report>maven-developer-activity-plugin</report>
        <report>maven-junit-report-plugin</report>
    </reports>
</project>
