<?xml version="1.0" encoding="UTF-8"?>

<project>
    <extend>../project.xml</extend>
    <artifactId>andromda-collections-taglib</artifactId>
    <name>AndroMDA Collections Taglib</name>
    <shortDescription>A tag-library for easily working with collections</shortDescription>
    <description>
        This tag-library is used to more easily handle Collections in JSPs
    </description>
    <repository>
        <connection>scm:cvs:${repository.connection.mode}:${repository.connection.user}@andromda.cvs.sourceforge.net:/cvsroot/andromda:andromda/etc/web/taglibs/collections</connection>
        <url>http://andromda.cvs.sourceforge.net/andromda/etc/web/taglibs/collections/</url>
    </repository>
</project>
