<?xml version="1.0" encoding="UTF-8"?>

<project>
    <extend>../project.xml</extend>
    <artifactId>andromda-templateengines</artifactId>
    <groupId>andromda</groupId>
    <name>AndroMDA Template Engines</name>
    <description>
        The collection of Template Engine implementations.
    </description>
    <repository>
        <connection>
            scm:cvs:${repository.connection.mode}:${repository.connection.user}@andromda.cvs.sourceforge.net:/cvsroot/andromda:andromda/templateengines/${pom.artifactId.replaceAll('andromda-templateengine-',
            '')}</connection>
        <url>
            http://andromda.cvs.sourceforge.net/andromda/templateengines/${pom.artifactId.replaceAll('andromda-templateengine-',
            '')}/</url>
    </repository>
    <dependencies>
        <dependency>
            <groupId>${pom.groupId}</groupId>
            <artifactId>andromda-site-plugin</artifactId>
            <version>${pom.currentVersion}</version>
            <type>plugin</type>
        </dependency>
    </dependencies>
    <build>
        <sourceDirectory>src/java</sourceDirectory>
        <unitTestSourceDirectory>src/test/java</unitTestSourceDirectory>
        <!-- Unit test classes -->
        <unitTest>
            <includes>
                <include>**/*Test.java</include>
            </includes>
            <resources>
                <resource>
                    <directory>src/test/java</directory>
                    <excludes>
                        <exclude>**/*.java</exclude>
                    </excludes>
                    <filtering>false</filtering>
                </resource>
            </resources>
        </unitTest>
        <resources>
            <resource>
                <directory>src</directory>
                <includes>
                    <include>META-INF/**/*</include>
                </includes>
                <filtering>true</filtering>
            </resource>
        </resources>
    </build>

    <!-- restrict the reports generated -->
    <reports>
        <report>maven-jxr-plugin</report>
        <report>maven-javadoc-plugin</report>
        <report>maven-simian-plugin</report>
        <report>maven-pmd-plugin</report>
        <report>maven-jdepend-plugin</report>
        <report>maven-faq-plugin</report>
        <report>maven-tasklist-plugin</report>
        <report>maven-file-activity-plugin</report>
        <report>maven-developer-activity-plugin</report>
        <report>maven-junit-report-plugin</report>
    </reports>

</project>
