<?xml version="1.0" encoding="UTF-8"?>

<project>
    <extend>../project.xml</extend>
    <name>Animal Quiz MDA</name>
    <artifactId>animal-quiz-mda</artifactId>
    <shortDescription>${pom.name} Component</shortDescription>
    <description>Contains the ${pom.name} module</description>
    <dependencies>
        <dependency>
            <groupId>andromda</groupId>
            <artifactId>andromda-profile</artifactId>
            <version>${pom.currentVersion}</version>
            <type>xml.zip</type>
        </dependency>
        <dependency>
            <groupId>andromda</groupId>
            <artifactId>andromda-profile-datatype</artifactId>
            <version>${pom.currentVersion}</version>
            <type>xml.zip</type>
        </dependency>
        <dependency>
            <groupId>andromda</groupId>
            <artifactId>andromda-profile-webservice</artifactId>
            <version>${pom.currentVersion}</version>
            <type>xml.zip</type>
        </dependency>
        <dependency>
            <groupId>andromda</groupId>
            <artifactId>andromda-profile-service</artifactId>
            <version>${pom.currentVersion}</version>
            <type>xml.zip</type>
        </dependency>
        <dependency>
            <groupId>andromda</groupId>
            <artifactId>andromda-profile-process</artifactId>
            <version>${pom.currentVersion}</version>
            <type>xml.zip</type>
        </dependency>
        <dependency>
            <groupId>andromda</groupId>
            <artifactId>andromda-profile-meta</artifactId>
            <version>${pom.currentVersion}</version>
            <type>xml.zip</type>
        </dependency>
        <dependency>
            <groupId>andromda</groupId>
            <artifactId>andromda-profile-xml</artifactId>
            <version>${pom.currentVersion}</version>
            <type>xml.zip</type>
        </dependency>
        <dependency>
            <groupId>andromda</groupId>
            <artifactId>andromda-profile-persistence</artifactId>
            <version>${pom.currentVersion}</version>
            <type>xml.zip</type>
        </dependency>
        <dependency>
            <groupId>andromda</groupId>
            <artifactId>andromda-profile-presentation</artifactId>
            <version>${pom.currentVersion}</version>
            <type>xml.zip</type>
        </dependency>
        <dependency>
            <groupId>andromda</groupId>
             <artifactId>maven-andromda-plugin</artifactId>
            <version>${pom.currentVersion}</version>
             <type>plugin</type>
        </dependency>
        <dependency>
            <groupId>andromda</groupId>
            <artifactId>andromda-utils</artifactId>
            <version>${pom.currentVersion}</version>
        </dependency>
        <dependency>
            <groupId>andromda</groupId>
            <artifactId>andromda-spring-cartridge</artifactId>
            <version>${pom.currentVersion}</version>
            <type>jar</type>
        </dependency>
        <dependency>
            <groupId>andromda</groupId>
            <artifactId>andromda-hibernate-cartridge</artifactId>
            <version>${pom.currentVersion}</version>
            <type>jar</type>
        </dependency>
        <dependency>
            <groupId>andromda</groupId>
            <artifactId>andromda-webservice-cartridge</artifactId>
            <version>${pom.currentVersion}</version>
            <type>jar</type>
        </dependency>
        <dependency>
            <groupId>andromda</groupId>
            <artifactId>andromda-java-cartridge</artifactId>
            <version>${pom.currentVersion}</version>
        </dependency>
        <dependency>
            <groupId>andromda</groupId>
            <artifactId>andromda-bpm4struts-cartridge</artifactId>
            <version>${pom.currentVersion}</version>
        </dependency>
        <dependency>
            <groupId>andromda</groupId>
            <artifactId>andromda-ocl-validation-library</artifactId>
            <version>${pom.currentVersion}</version>
        </dependency>
        <dependency>
            <groupId>andromda</groupId>
            <artifactId>andromda-ocl-query-library</artifactId>
            <version>${pom.currentVersion}</version>
        </dependency>
    </dependencies>
</project>