<?xml version="1.0" encoding="ISO-8859-1"?>
<project name="Velocity Template Engine">
    <skin>
        <groupId>org.andromda.maven.plugins.site</groupId>
        <artifactId>andromda-site-skin</artifactId>
        <version>3.4-SNAPSHOT</version>
    </skin>
    <bannerLeft>
        <name></name>
    </bannerLeft>
    <publishDate format="dd MMM yyyy hh:mm zzz"/>
	<body>
    	<links>
      		<item name="Freemarker Engine" href="/index.html"/>
    	</links>
    	<menu ref="reports"/>
  	</body>
</project>
