<?xml version="1.0" encoding="UTF-8"?>

<project>
    <extend>../project.xml</extend>
    <artifactId>maven-andromdapp-plugin</artifactId>
    <name>AndroMDApp Maven Plugin</name>
    <shortDescription>AndroMDApp Maven Plugin</shortDescription>
    <description>
        Provides the ability to generate AndroMDA J2EE Maven applications.
    </description>
    <developers>
        <developer>
            <name>Chad Brandon</name>
            <id>cwbrandon</id>
            <email>chad@andromda.org</email>
            <roles>
                <role>Developer</role>
                <role>Documentation</role>
            </roles>
        </developer>
        <developer>
            <name>Wouter Zoons</name>
            <id>draftdog</id>
            <email>wouter@andromda.org</email>
            <roles>
                <role>Contributor</role>
            </roles>
        </developer>
    </developers>
    <dependencies>
        <dependency>
            <groupId>velocity</groupId>
            <artifactId>velocity</artifactId>
            <version>1.4</version>
        </dependency>
        <dependency>
            <groupId>commons-jelly</groupId>
            <artifactId>commons-jelly-tags-interaction</artifactId>
            <version>1.0</version>
        </dependency>
        <dependency>
            <groupId>commons-jelly</groupId>
            <artifactId>commons-jelly-tags-xml</artifactId>
            <version>1.0</version>
        </dependency>
        <dependency>
            <groupId>commons-jelly</groupId>
            <artifactId>commons-jelly-tags-velocity</artifactId>
            <version>1.0</version>
        </dependency>
    </dependencies>
    <build>
        <sourceDirectory>src/java</sourceDirectory>
        <resources>
            <resource>
                <directory>.</directory>
                <includes>
                    <include>plugin.jelly</include>
                    <include>plugin.properties</include>
                    <include>project.xml</include>
                    <include>plugin-resources/**/*</include>
                </includes>
            </resource>
        </resources>
    </build>
</project>