<?xml version="1.0" encoding="UTF-8"?>

<project>
    <extend>../project.xml</extend>
    <artifactId>online-store-web</artifactId>
    <name>Online Store Sample Web</name>
    <shortDescription>Online Store Sample Web</shortDescription>
    <description>
  		Contains the Online Store Sample's web application.
    </description>
    <dependencies>
        <dependency>
            <groupId>${pom.groupId}</groupId>
            <artifactId>online-store-mda</artifactId>
            <version>${pom.currentVersion}</version>
            <type>pom</type>
        </dependency>
        <dependency>
            <groupId>commons-beanutils</groupId>
            <artifactId>commons-beanutils</artifactId>
            <version>1.7.0</version>
            <properties>
                <war.bundle>true</war.bundle>
            </properties>
        </dependency>
        <dependency>
            <groupId>commons-collections</groupId>
            <artifactId>commons-collections</artifactId>
            <version>3.1</version>
            <properties>
                <war.bundle>true</war.bundle>
            </properties>
        </dependency>
        <dependency>
            <groupId>commons-digester</groupId>
            <artifactId>commons-digester</artifactId>
            <version>1.7</version>
            <properties>
                <war.bundle>true</war.bundle>
            </properties>
        </dependency>
        <dependency>
            <groupId>commons-lang</groupId>
            <artifactId>commons-lang</artifactId>
            <version>2.3</version>
            <properties>
                <war.bundle>true</war.bundle>
            </properties>
        </dependency>
        <dependency>
            <groupId>commons-logging</groupId>
            <artifactId>commons-logging</artifactId>
            <version>1.1</version>
        </dependency>
        <dependency>
            <groupId>commons-fileupload</groupId>
            <artifactId>commons-fileupload</artifactId>
            <version>1.0</version>
            <properties>
                <war.bundle>true</war.bundle>
            </properties>
        </dependency>
        <dependency>
            <groupId>commons-validator</groupId>
            <artifactId>commons-validator</artifactId>
            <version>1.1.4</version>
            <properties>
                <war.bundle>true</war.bundle>
            </properties>
        </dependency>
        <dependency>
            <groupId>servletapi</groupId>
            <artifactId>servletapi</artifactId>
            <version>2.4-20040521</version>
        </dependency>
        <dependency>
            <groupId>struts</groupId>
            <artifactId>struts</artifactId>
            <version>1.2.7</version>
            <properties>
                <war.bundle>true</war.bundle>
            </properties>
        </dependency>
        <dependency>
            <groupId>oro</groupId>
            <artifactId>oro</artifactId>
            <version>2.0.8</version>
            <properties>
                <war.bundle>true</war.bundle>
            </properties>
        </dependency>
        <dependency>
            <groupId>jboss</groupId>
            <artifactId>jboss-j2ee</artifactId>
            <version>3.2.3</version>
        </dependency>
        <dependency>
            <groupId>displaytag</groupId>
            <artifactId>displaytag</artifactId>
            <version>1.0</version>
            <type>jar</type>
            <properties>
                <war.bundle>true</war.bundle>
            </properties>
        </dependency>
        <dependency>
            <groupId>itext</groupId>
            <artifactId>itext</artifactId>
            <version>0.99</version>
            <properties>
                <war.bundle>true</war.bundle>
            </properties>
        </dependency>
        <dependency>
            <groupId>taglibs</groupId>
            <artifactId>standard</artifactId>
            <version>1.1.1</version>
            <properties>
                <war.bundle>true</war.bundle>
            </properties>
        </dependency>
        <dependency>
            <groupId>jstl</groupId>
            <artifactId>jstl</artifactId>
            <version>1.1.1</version>
            <properties>
                <war.bundle>true</war.bundle>
            </properties>
        </dependency>
        <!-- commons validator depends on antlr for 'validwhen' -->
        <dependency>
            <groupId>antlr</groupId>
            <artifactId>antlr</artifactId>
            <version>2.7.2</version>
            <properties>
                <war.bundle>true</war.bundle>
            </properties>
        </dependency>
        <!-- The dependencies are used for precompilation -->
        <dependency>
            <groupId>tomcat</groupId>
            <artifactId>jasper-compiler</artifactId>
            <version>5.0.18</version>
            <type>jar</type>
        </dependency>
        <dependency>
            <groupId>tomcat</groupId>
            <artifactId>jasper-runtime</artifactId>
            <version>5.0.18</version>
            <type>jar</type>
        </dependency>
        <dependency>
            <groupId>tomcat</groupId>
            <artifactId>jsp-api</artifactId>
            <version>5.0.18</version>
        </dependency>
        <dependency>
            <groupId>ant</groupId>
            <artifactId>ant</artifactId>
            <version>1.6.2</version>
        </dependency>
        <dependency>
            <groupId>commons-el</groupId>
            <artifactId>commons-el</artifactId>
            <version>1.0</version>
        </dependency>
    </dependencies>
    <build>
        <sourceDirectory>target/src</sourceDirectory>
        <resources>
            <resource>
                <directory>target/src</directory>
                <includes>
                    <include>**/*.properties</include>
                </includes>
            </resource>
        </resources>
    </build>
</project>
