<?xml version="1.0"?>
<document>

	<properties>
    	<title>Download AndroMDA Maven Plugin</title>
  	</properties>

  	<body>
    	<section name="Download AndroMDA Maven Plugin">
			<p>
		      	The fastest way to get started with AndroMDA is to download
		      	the maven plugin and start using it in your project right away.  The plugin
		      	contains everything that AndroMDA needs to run and supports all of
		      	its available cartridges.  
	      	</p>
	      	<p>
	      		To download and install the plugin into your maven plugin repository, first
	      		make sure you are pointing to the AndroMDA team server in your
	      		 <code>maven.repo.remote</code> property
	      		(i.e. maven.repo.remote=http://www.ibiblio.org/maven,http://team.andromda.org/maven).
	      		Then type:
	 			<source>	
	maven plugin:download -DgroupId=andromda -DartifactId=maven-andromda-plugin -Dversion=3.3
	 			</source>     	
	      	</p>
    	</section>
  	</body>
</document>
