<?xml version="1.0" encoding="UTF-8"?>

<document> 
  <properties>
    <title>AndroMDA Maven Plugin</title> 
  </properties> 
  	<body> 
  		<section name="AndroMDA Maven Plugin">	
			<p>
				This wraps the AndroMDA framework into a Maven plugin, allowing you to get 
				started using cartridges without having to configure an 
				Ant build.xml file or worry about setting up a classpath, etc.  
				Please see the <a href="goals.html">goals</a> page to see whats available with 
				the plugin.
			</p>
  		</section>
  	</body>
</document>
