<andromda>
    <properties>
        <property name="modelValidation">true</property>
        <property name="cartridgeFilter">${filter}</property>
    </properties>
    <repositories>
        <repository name="netBeansMDR">
            <models>
                <model type="uml-1.4">
                    <uri>${model.uri}</uri>
                    <moduleSearchLocations>
                        <location>${maven.repo.local}/andromda/xml.zips</location>
                        <location patterns="**/*.xml.zip">${settings.localRepository}/org/andromda/profiles/uml14</location>
                    </moduleSearchLocations>
                </model>
            </models>            
        </repository>
    </repositories>
    <namespaces>
        <namespace name="default">
            <properties>
                <property name="languageMappingsUri">Java</property>
                <property name="wrapperMappingsUri">JavaWrapper</property>
                <property name="sqlMappingsUri">${sql.mappings}</property>
                <property name="jdbcMappingsUri">JDBC</property>
                <property name="maxSqlNameLength">30</property>
                <property name="foreignKeySuffix">_FK</property>
                <property name="ejbJndiNamePrefix">${application.id}</property>
            </properties>
        </namespace>
        <namespace name="spring">
            <properties>
                <property name="dataSource">${dataSource}</property>
                <property name="hibernateDialect">${hibernate.dialect}</property>
                <property name="hibernateShowSql">${hibernate.db.showSql}</property>
                <property name="hibernateQueryUseNamedParameters">true</property>
                <property name="hibernateCacheProvider">net.sf.hibernate.cache.EhCacheProvider</property>
                <property name="hibernateInheritanceStrategy">${hibernate.inheritance.strategy}</property>
                <property name="hibernateQueryCacheFactory">net.sf.hibernate.cache.StandardQueryCacheFactory</property>
                <property name="springTypesPackage">${application.package}</property>
                <property name="daos">${core.generated.dir}</property>
                <property name="dao-impls">${core.manual.dir}</property>
                <property name="spring-configuration">${core.generated.dir}</property>
                <property name="services">${core.generated.dir}</property>
                <property name="service-interfaces">${common.generated.dir}</property>
                <property name="service-impls">${core.manual.dir}</property>
                <!-- to remove any dependency on EJB, comment the following property -->
                <property name="session-ejbs">${core.generated.dir}</property>
                <!-- uncomment to enable EJB security -->
                <!-- <securityRealm>${application.id}</securityRealm> -->
            </properties>
        </namespace>
        <namespace name="hibernate">
            <properties>
                <property name="hibernateEnableCache">false</property>
                <property name="hibernateEnableAssociationsCache">false</property>
                <property name="hibernateTypeMappingsUri">Hibernate</property>
                <property name="hibernateInheritanceStrategy">${hibernate.inheritance.strategy}</property>
                <property name="defaultHibernateGeneratorClass">${hibernate.generatorClass}</property>
                <property name="hibernateDefaultCascade">none</property>
                <property name="entities">${core.generated.dir}</property>
                <property name="entity-impls">${core.manual.dir}</property>
                <property name="entity-mappings">${core.generated.dir}</property>
                <property name="user-types">${core.generated.dir}</property>
                <property name="customTypesPackage">${application.package}</property>
                <property name="compositionDefinesEagerLoading">true</property>
                <property name="cache">${core.generated.dir}</property>
            </properties>
        </namespace>
        <namespace name="java">
            <properties>
                <property name="enumerations">${common.generated.dir}</property>
                <property name="exceptions">${common.generated.dir}</property>
                <property name="value-objects">${common.generated.dir}</property>
            </properties>
        </namespace>
        <namespace name="bpm4struts">
            <properties>
                <property name="forms">${web.generated.dir}</property>
                <property name="pages">${web.generated.dir}</property>
                <property name="actions">${web.generated.dir}</property>
                <property name="controllers">${web.generated.dir}</property>
                <property name="controller-impls">${web.manual.java.dir}</property>
                <property name="messages">${web.generated.dir}/WEB-INF/classes</property>
                <property name="configuration">${web.generated.dir}/WEB-INF</property>
                <property name="serviceAccessorPattern">null</property>
            </properties>
        </namespace>
    </namespaces>
</andromda>