<?xml version="1.0"?>

<document> 
	<properties>
    	<title>Query Translation-Libraru</title> 
    </properties>
  	<body> 
  		<section name="Query Translation-Library">
  			<p>
		  		Performs translation of OCL query expressions to different query
		  		languages.
		  		<ul>
		  			Currently Supported Translations:
		  			<li>
		  				<a href="http://java.sun.com/j2ee/1.4/docs/tutorial/doc/EJBQL.html">Enterprise Java Bean Query Language</a>
		  			</li>
		  			<li>
		  				<a href="http://www.hibernate.org/hib_docs/reference/en/html/queryhql.html">Hibernate Query Language</a>
		  			</li>
		  		</ul>
  			</p>
  		</section>
  	</body> 
</document>
