<?xml version="1.0" encoding="UTF-8"?>

<project>
    <extend>../project.xml</extend>
    <artifactId>car-rental-system-common</artifactId>
    <name>Car Rental System Common</name>
    <shortDescription>${pom.name} Component</shortDescription>
    <description>
          Contains the ${pom.name} module.
    </description>
    <dependencies>
        <dependency>
            <groupId>${pom.groupId}</groupId>
            <artifactId>car-rental-system-mda</artifactId>
            <version>${pom.currentVersion}</version>
            <type>pom</type>
        </dependency>
        <dependency>
            <groupId>commons-beanutils</groupId>
            <artifactId>commons-beanutils</artifactId>
            <version>1.7.0</version>
        </dependency>
    </dependencies>
    <build>
        <sourceDirectory>src/main/java</sourceDirectory>
    </build>
</project>
