<?xml version="1.0" encoding="ISO-8859-1" ?>

<!-- contains the bpm4struts cartridge metafacade mappings -->
<metafacades>
    <property reference="defaultActionRedirect"/>
    <!-- denotes which kind of resource messages should be generated -->
    <property reference="normalizeMessages"/>
    <property reference="disableValidationForHiddenFormFields"/>

    <metafacade class="org.andromda.cartridges.bpm4struts.metafacades.StrutsBackendServiceLogicImpl">
        <mapping>
            <stereotype>SERVICE</stereotype>
        </mapping>
        <property reference="serviceAccessorPattern"/>
        <property reference="servicePackageNamePattern"/>
    </metafacade>

    <metafacade class="org.andromda.cartridges.bpm4struts.metafacades.StrutsUseCaseLogicImpl">
        <mapping>
            <stereotype>FRONT_END_APPLICATION</stereotype>
        </mapping>
    </metafacade>

    <metafacade class="org.andromda.cartridges.bpm4struts.metafacades.StrutsUseCaseLogicImpl">
        <mapping>
            <stereotype>FRONT_END_USE_CASE</stereotype>
        </mapping>
    </metafacade>
    
    <metafacade class="org.andromda.cartridges.bpm4struts.metafacades.StrutsControllerLogicImpl">
        <mapping>
            <property name="useCase"/>
        </mapping>
    </metafacade>

    <metafacade class="org.andromda.cartridges.bpm4struts.metafacades.StrutsControllerOperationLogicImpl">
        <mapping>
            <property name="ownerIsController"/>
        </mapping>
    </metafacade>

    <metafacade class="org.andromda.cartridges.bpm4struts.metafacades.StrutsSessionObjectLogicImpl">
        <mapping>
            <stereotype>FRONT_END_SESSION_OBJECT</stereotype>
        </mapping>
    </metafacade>

    <metafacade class="org.andromda.cartridges.bpm4struts.metafacades.StrutsParameterLogicImpl">
        <mapping>
            <property name="containedInFrontEndUseCase"/>
        </mapping>
        <property reference="generateTableDecorators"/>
        <property reference="tableDecoratorSuffix"/>
        <property reference="defaultTableExportTypes"/>
        <property reference="defaultDateFormat"/>
        <property reference="defaultTimeFormat"/>
        <property reference="defaultInputColumnCount"/>
        <property reference="defaultInputRowCount"/>
        <property reference="strictDateTimeFormat"/>
    </metafacade>

    <metafacade class="org.andromda.cartridges.bpm4struts.metafacades.StrutsAttributeLogicImpl">
        <property reference="defaultDateFormat"/>
        <property reference="defaultTimeFormat"/>
        <property reference="defaultInputColumnCount"/>
        <property reference="defaultInputRowCount"/>
    </metafacade>

    <metafacade class="org.andromda.cartridges.bpm4struts.metafacades.StrutsActivityGraphLogicImpl">
        <mapping>
            <property name="containedInFrontEndUseCase"/>
        </mapping>
    </metafacade>

    <metafacade class="org.andromda.cartridges.bpm4struts.metafacades.StrutsJspLogicImpl">
        <mapping>
            <property name="frontEndView"/>
            <property name="containedInFrontEndUseCase"/>
        </mapping>
    </metafacade>

    <metafacade class="org.andromda.cartridges.bpm4struts.metafacades.StrutsActionStateLogicImpl">
        <mapping>
            <property name="containedInFrontEndUseCase"/>
        </mapping>
    </metafacade>

    <metafacade class="org.andromda.cartridges.bpm4struts.metafacades.StrutsFinalStateLogicImpl">
        <mapping>
            <property name="containedInFrontEndUseCase"/>
        </mapping>
    </metafacade>

    <metafacade class="org.andromda.cartridges.bpm4struts.metafacades.StrutsExceptionHandlerLogicImpl">
        <mapping>
            <property name="frontEndException"/>
            <property name="containedInFrontEndUseCase"/>
        </mapping>
    </metafacade>

    <metafacade class="org.andromda.cartridges.bpm4struts.metafacades.StrutsActionLogicImpl">
        <mapping>
            <property name="exitingInitialState"/>
            <property name="containedInFrontEndUseCase"/>
        </mapping>
        <property reference="actionFormScope"/>
    </metafacade>

    <metafacade class="org.andromda.cartridges.bpm4struts.metafacades.StrutsActionLogicImpl">
        <mapping>
            <property name="exitingPage"/>
        </mapping>
        <property reference="actionFormScope"/>
    </metafacade>

    <metafacade class="org.andromda.cartridges.bpm4struts.metafacades.StrutsForwardLogicImpl">
        <mapping>
            <property name="containedInFrontEndUseCase"/>
        </mapping>
    </metafacade>

    <metafacade class="org.andromda.cartridges.bpm4struts.metafacades.StrutsPseudostateLogicImpl">
        <mapping>
            <property name="containedInFrontEndUseCase"/>
        </mapping>
    </metafacade>

    <!-- mapping rule for uml14 support -->
    <metafacade class="org.andromda.cartridges.bpm4struts.metafacades.StrutsTriggerLogicImpl">
        <mapping class="org.omg.uml.behavioralelements.statemachines.SignalEvent$Impl">
            <property name="containedInFrontEndUseCase"/>
        </mapping>
    </metafacade>

    <!-- mapping rule for uml14 support -->
    <metafacade class="org.andromda.cartridges.bpm4struts.metafacades.StrutsTriggerLogicImpl">
        <mapping class="org.omg.uml.behavioralelements.statemachines.CallEvent$Impl">
            <property name="containedInFrontEndUseCase"/>
        </mapping>
    </metafacade>
    
    <!-- mapping rule for emf-uml2 support -->
    <metafacade class="org.andromda.cartridges.bpm4struts.metafacades.StrutsTriggerLogicImpl">
        <mapping class="org.eclipse.uml2.impl.ActivityImpl">
            <property name="containedInFrontEndUseCase"/>
        </mapping>
    </metafacade>

    <metafacade class="org.andromda.cartridges.bpm4struts.metafacades.StrutsManageableEntityLogicImpl" contextRoot="true">
        <mapping>
            <stereotype>ENTITY</stereotype>
            <stereotype>MANAGEABLE</stereotype>
        </mapping>
        <property reference="defaultTableExportTypes"/>
    </metafacade>

    <metafacade class="org.andromda.cartridges.bpm4struts.metafacades.StrutsManageableEntityAttributeLogicImpl">
        <mapping>
            <context>org.andromda.cartridges.bpm4struts.metafacades.StrutsManageableEntity</context>
        </mapping>
        <property reference="defaultDateFormat"/>
        <property reference="defaultTimeFormat"/>
        <property reference="defaultInputColumnCount"/>
        <property reference="defaultInputRowCount"/>
    </metafacade>

    <metafacade class="org.andromda.cartridges.bpm4struts.metafacades.StrutsManageableEntityAssociationEndLogicImpl">
        <mapping>
            <context>org.andromda.cartridges.bpm4struts.metafacades.StrutsManageableEntity</context>
        </mapping>
    </metafacade>

</metafacades>