<project>
    <pomVersion>3</pomVersion>
    <artifactId>andromda-all</artifactId>
    <name>AndroMDA</name>
    <groupId>andromda</groupId>
    <currentVersion>3.4-SNAPSHOT</currentVersion>
    <organization>
        <name>The AndroMDA Team</name>
        <url>http://team.andromda.org/docs</url>
        <logo>http://team.andromda.org/docs/images/andromda-logo.jpg</logo>
    </organization>
    <inceptionYear>2003</inceptionYear>
    <package>org.andromda</package>
    <logo>http://sourceforge.net/sflogo.php?group_id=73047&amp;type=5</logo>
    <description>The top level module for all of AndroMDA</description>
    <shortDescription>AndroMDA: The Open Source MDA Tool</shortDescription>
    <url>http://www.sourceforge.net</url>
    <issueTrackingUrl>${issue.tracking.location}</issueTrackingUrl>
    <siteAddress>www.andromda.org</siteAddress>
    <siteDirectory>/team.andromda.org/</siteDirectory>
    <distributionDirectory>/team.andromda.org/maven/andromda/distributions</distributionDirectory>
    <repository>
        <connection>scm:cvs:${repository.connection.mode}:${repository.connection.user}@andromda.cvs.sourceforge.net:/cvsroot/andromda:andromda-all</connection>
        <developerConnection>scm:cvs:ext:${maven.username}@andromda.cvs.sourceforge.net:/cvsroot/andromda:andromda-all</developerConnection>
        <url>http://andromda.cvs.sourceforge.net/andromda/</url>
    </repository>
    <versions>
        <version>
            <id>2.1.0</id>
            <name>2.1.0final</name>
            <tag>V210_final</tag>
        </version>
        <version>
            <id>2.1.1</id>
            <name>2.1.1final</name>
            <tag>V211_final</tag>
        </version>
        <version>
            <id>2.1.2</id>
            <name>2.1.2final</name>
            <tag>V212_final</tag>
        </version>
        <version>
            <id>3.0M1</id>
            <name>3.0M1</name>
            <tag>V3_0Ml</tag>
        </version>
        <version>
            <id>3.0M2</id>
            <name>3.0M2</name>
            <tag>V3_0M2</tag>
        </version>
        <version>
            <id>3.0M3</id>
            <name>3.0M3</name>
            <tag>V3_0M3</tag>
        </version>
        <version>
            <id>3.0RC1</id>
            <name>3.0RC1</name>
            <tag>V3_0RC1</tag>
        </version>
        <version>
            <id>3.0RC2</id>
            <name>3.0RC2</name>
            <tag>V3_0RC2</tag>
        </version>
        <version>
            <id>3.0</id>
            <name>3.0</name>
            <tag>V3_0</tag>
        </version>
    </versions>
    <mailingLists>
        <mailingList>
            <name>AndroMDA User List</name>
            <subscribe>https://lists.sourceforge.net/lists/listinfo/andromda-user</subscribe>
            <unsubscribe>https://lists.sourceforge.net/lists/listinfo/andromda-user</unsubscribe>
            <archive>http://sourceforge.net/mailarchive/forum.php?forum=andromda-user</archive>
        </mailingList>
        <mailingList>
            <name>AndroMDA Developer List</name>
            <subscribe>https://lists.sourceforge.net/lists/listinfo/andromda-devel</subscribe>
            <unsubscribe>https://lists.sourceforge.net/lists/listinfo/andromda-devel</unsubscribe>
            <archive>http://sourceforge.net/mailarchive/forum.php?forum=andromda-devel</archive>
        </mailingList>
        <mailingList>
            <name>AndroMDA CVS List</name>
            <subscribe>https://lists.sourceforge.net/lists/listinfo/andromda-cvs</subscribe>
            <unsubscribe>https://lists.sourceforge.net/lists/listinfo/andromda-cvs</unsubscribe>
            <archive>http://sourceforge.net/mailarchive/forum.php?forum=andromda-cvs</archive>
        </mailingList>
    </mailingLists>
    <developers>
        <developer>
            <name>Matthias Bohlen</name>
            <id>mattes3</id>
            <email>matthias@andromda.org</email>
            <roles>
                <role>Developer</role>
                <role>Documentation</role>
                <role>Project Admin</role>
            </roles>
            <timezone>1</timezone>
        </developer>
        <developer>
            <name>Chad Brandon</name>
            <id>cwbrandon</id>
            <email>chad@andromda.org</email>
            <roles>
                <role>Developer</role>
                <role>Documentation</role>
                <role>Release Manager</role>
                <role>Project Admin</role>
            </roles>
            <timezone>-6</timezone>
        </developer>
        <developer>
            <name>Wouter Zoons</name>
            <id>draftdog</id>
            <email>wouter@andromda.org</email>
            <roles>
                <role>Developer</role>
                <role>Documentation</role>
                <role>Project Admin</role>
            </roles>
            <timezone>1</timezone>
        </developer>
        <developer>
            <name>Martin West</name>
            <id>amartinwest</id>
            <email>martin@andromda.org</email>
            <roles>
                <role>Developer</role>
                <role>MDB</role>
                <role>Ant</role>
            </roles>
            <timezone>0</timezone>
        </developer>
        <developer>
            <name>Carlos Cuenca</name>
            <id>carloslcuenca</id>
            <email>carlos@andromda.org</email>
            <roles>
                <role>Developer</role>
            </roles>
            <timezone>1</timezone>
        </developer>
        <developer>
            <name>Peter Friese</name>
            <id>freter</id>
            <email>peter@andromda.org</email>
            <roles>
                <role>Developer</role>
            </roles>
            <timezone>1</timezone>
        </developer>
        <developer>
            <name>Naresh Bhatia</name>
            <id>nbhatia</id>
            <email>naresh@andromda.org</email>
            <roles>
                <role>Developer</role>
            </roles>
            <timezone>-5</timezone>
        </developer>
    </developers>
    <contributors>
        <contributor>
            <name>Tony Mowers</name>
            <email>amowers@users.sourceforge.net</email>
            <roles>
                <role>Developer</role>
            </roles>
        </contributor>
        <contributor>
            <name>Juergen Dufner</name>
            <email>jdufner@users.sourceforge.net</email>
            <roles>
                <role>Documentation</role>
            </roles>
        </contributor>
        <contributor>
            <name>Harald Weyhing</name>
            <email>hweyhing@users.sourceforge.net</email>
            <roles/>
        </contributor>
        <contributor>
            <name>Sascha-Matthias Kulawik</name>
            <email>skulawik@users.sourceforge.net</email>
            <roles>
                <role>Developer</role>
                <role>EJB</role>
            </roles>
        </contributor>
    </contributors>
    <build>
        <nagEmailAddress>chad@andromda.org</nagEmailAddress>
    </build>
    <reports>
        <report>maven-faq-plugin</report>
        <report>maven-multiproject-plugin</report>
        <report>maven-license-plugin</report>
        <report>maven-changes-plugin</report>
    </reports>
    <dependencies>
        <!-- for the goals in maven.xml -->
        <dependency>
            <groupId>oro</groupId>
            <artifactId>NetComponents</artifactId>
            <version>1.3.8a</version>
            <properties>
                <classloader>root</classloader>
            </properties>
        </dependency>
        <dependency>
            <groupId>commons-jelly</groupId>
            <artifactId>commons-jelly-tags-interaction</artifactId>
            <version>1.0</version>
        </dependency>
    </dependencies>
    <properties/>
</project>
