<?xml version="1.0" encoding="UTF-8"?>

<project>
    <extend>../project.xml</extend>
    <artifactId>maven-andromda${bootstrap}-plugin</artifactId>
    <name>AndroMDA Maven Plugin</name>
    <shortDescription>AndroMDA Maven Plugin</shortDescription>
    <description>
        This wraps the AndroMDA framework within a maven plugin, allowing you to get started
        using all existing cartridges without having to configure an Ant build.xml file or worry about
        setting up a classpath, etc.
    </description>
    <developers>
        <developer>
            <name>Chad Brandon</name>
            <id>cwbrandon</id>
            <email>chad@andromda.org</email>
            <roles>
                <role>Developer</role>
                <role>Documentation</role>
            </roles>
        </developer>
    </developers>
    <dependencies>
        <dependency>
            <groupId>andromda${bootstrap}</groupId>
            <artifactId>andromda-core</artifactId>
            <version>${pom.currentVersion}</version>
        </dependency>
        <dependency>
            <groupId>andromda${bootstrap}</groupId>
            <artifactId>andromda-utils</artifactId>
            <version>${pom.currentVersion}</version>
        </dependency>
        <dependency>
            <groupId>andromda${bootstrap}</groupId>
            <artifactId>andromda-ant-task</artifactId>
            <version>${pom.currentVersion}</version>
        </dependency>
        <dependency>
            <groupId>andromda${bootstrap}</groupId>
            <artifactId>andromda-metafacades-uml</artifactId>
            <version>${pom.currentVersion}</version>
        </dependency>
        <dependency>
            <groupId>andromda${bootstrap}</groupId>
            <artifactId>andromda-metafacades-uml14</artifactId>
            <version>${pom.currentVersion}</version>
        </dependency>
        <dependency>
            <groupId>andromda${bootstrap}</groupId>
            <artifactId>andromda-repository-mdr</artifactId>
            <version>${pom.currentVersion}</version>
        </dependency>
        <dependency>
            <groupId>andromda${bootstrap}</groupId>
            <artifactId>andromda-repository-mdr-uml14</artifactId>
            <version>${pom.currentVersion}</version>
        </dependency>
        <dependency>
            <groupId>andromda${bootstrap}</groupId>
            <artifactId>andromda-templateengine-velocity</artifactId>
            <version>${pom.currentVersion}</version>
        </dependency>
        <dependency>
            <groupId>andromda${bootstrap}</groupId>
            <artifactId>andromda-ocl-translation-core</artifactId>
            <version>${pom.currentVersion}</version>
        </dependency>
        <dependency>
            <groupId>andromda${bootstrap}</groupId>
            <artifactId>andromda-ocl-validation-library</artifactId>
            <version>${pom.currentVersion}</version>
        </dependency>
        <dependency>
            <groupId>andromda${bootstrap}</groupId>
            <artifactId>andromda-maven-core</artifactId>
            <version>${pom.currentVersion}</version>
        </dependency>
        <dependency>
            <groupId>andromda${bootstrap}</groupId>
            <artifactId>andromda-repository-emf</artifactId>
            <version>${pom.currentVersion}</version>
        </dependency>
        <dependency>
            <groupId>andromda${bootstrap}</groupId>
            <artifactId>andromda-repository-emf-uml2</artifactId>
            <version>${pom.currentVersion}</version>
        </dependency>
        <dependency>
            <groupId>andromda${bootstrap}</groupId>
            <artifactId>andromda-metafacades-emf-uml2</artifactId>
            <version>${pom.currentVersion}</version>
        </dependency>
        ${bootstrapMetaCartridge}
        <dependency>
            <groupId>maven</groupId>
            <artifactId>maven</artifactId>
            <version>1.0.2</version>
        </dependency>
        <dependency>
            <groupId>commons-jelly</groupId>
            <artifactId>commons-jelly</artifactId>
            <version>1.0-RC1</version>
        </dependency>
        <dependency>
            <groupId>commons-beanutils</groupId>
            <artifactId>commons-beanutils</artifactId>
            <version>1.7.0</version>
        </dependency>
        <dependency>
            <groupId>commons-collections</groupId>
            <artifactId>commons-collections</artifactId>
             <version>3.1</version>
        </dependency>
        <dependency>
            <groupId>commons-digester</groupId>
            <artifactId>commons-digester</artifactId>
            <version>1.7</version>
        </dependency>
        <dependency>
            <groupId>commons-lang</groupId>
            <artifactId>commons-lang</artifactId>
            <version>2.3</version>
        </dependency>
        <dependency>
            <groupId>commons-logging</groupId>
            <artifactId>commons-logging</artifactId>
            <version>1.1</version>
        </dependency>
        <dependency>
            <groupId>log4j</groupId>
            <artifactId>log4j</artifactId>
            <version>1.2.8</version>
        </dependency>
         <dependency>
            <groupId>velocity</groupId>
            <artifactId>velocity</artifactId>
            <version>1.4</version>
        </dependency>
        <dependency>
            <groupId>jmi</groupId>
            <artifactId>jmiuml</artifactId>
            <version>1.4di</version>
        </dependency>
        <dependency>
            <groupId>jmi</groupId>
            <artifactId>mof</artifactId>
            <version>20030918</version>
        </dependency>
        <dependency>
            <groupId>jmi</groupId>
            <artifactId>jmi</artifactId>
            <version>20030918</version>
        </dependency>
        <dependency>
            <groupId>mdr</groupId>
            <artifactId>jmiutils</artifactId>
            <version>20050711</version>
        </dependency>
        <dependency>
            <groupId>mdr</groupId>
            <artifactId>mdrapi</artifactId>
            <version>20050711</version>
        </dependency>
        <dependency>
            <groupId>mdr</groupId>
            <artifactId>nbmdr</artifactId>
            <version>20050711</version>
        </dependency>
        <dependency>
            <groupId>mdr</groupId>
            <artifactId>openide-util</artifactId>
            <version>20050711</version>
        </dependency>
        <!-- EMF dependencies -->
		<dependency>
			<groupId>emf</groupId>
			<artifactId>emf-common</artifactId>
			<version>2.1.0</version>
		</dependency>
		<dependency>
			<groupId>emf</groupId>
			<artifactId>emf-ecore.xmi</artifactId>
			<version>2.1.0</version>
		</dependency>
		<dependency>
			<groupId>emf</groupId>
			<artifactId>emf-ecore</artifactId>
			<version>2.1.0</version>
		</dependency>
		<dependency>
			<groupId>eclipse-uml2</groupId>
			<artifactId>eclipse-uml2-common</artifactId>
			<version>1.1.1</version>
		</dependency>
		<dependency>
			<groupId>eclipse-uml2</groupId>
			<artifactId>eclipse-uml2</artifactId>
			<version>1.1.1</version>
		</dependency>
        <!-- for XSL transformation preprocessing -->
        <dependency>
            <groupId>xalan</groupId>
            <artifactId>xalan</artifactId>
            <version>2.6.0</version>
        </dependency>
        <dependency>
            <groupId>commons-jelly</groupId>
            <artifactId>commons-jelly-tags-velocity</artifactId>
            <version>1.0</version>
        </dependency>
        <!-- these dependencies are required to Run Schema2XMI -->
        <dependency>
            <groupId>andromda${bootstrap}</groupId>
            <artifactId>andromda-schema2xmi</artifactId>
            <version>${pom.currentVersion}</version>
        </dependency>
        <dependency>
            <groupId>commons-cli</groupId>
            <artifactId>commons-cli</artifactId>
            <version>1.0</version>
            <properties/>
        </dependency>
        <dependency>
            <groupId>commons-dbutils</groupId>
            <artifactId>commons-dbutils</artifactId>
            <version>1.0</version>
        </dependency>
        <dependency>
            <groupId>commons-jelly</groupId>
            <artifactId>commons-jelly-tags-interaction</artifactId>
            <version>1.0</version>
        </dependency>
    </dependencies>
    <build>
        <sourceDirectory>src/java</sourceDirectory>
        <resources>
            <resource>
                <directory>.</directory>
                <includes>
                    <include>plugin.jelly</include>
                    <include>plugin.properties</include>
                    <include>project.xml</include>
                    <include>plugin-resources/**/*</include>
                </includes>
            </resource>
        </resources>
    </build>
</project>
