<?xml version="1.0" encoding="UTF-8"?>

<project>
    <extend>../project.xml</extend>
    <artifactId>andromda-formatting-taglib</artifactId>
    <name>AndroMDA Formatting Taglib</name>
    <shortDescription>A tag-library for formatting strings in online pages</shortDescription>
    <description>
        This tag-library can be used to format strings in a web application.
    </description>
    <repository>
        <connection>scm:cvs:${repository.connection.mode}:${repository.connection.user}@andromda.cvs.sourceforge.net:/cvsroot/andromda:andromda/etc/web/taglibs/formatting</connection>
        <url>http://andromda.cvs.sourceforge.net/andromda/etc/web/taglibs/formatting/</url>
    </repository>
</project>
