<project>
    <extend>../project.xml</extend>
    <name>Online Store Sample Application</name>
    <artifactId>online-store-app</artifactId>
    <shortDescription>The AndroMDA Online Store Sample featuring BPM4Struts.</shortDescription>
    <dependencies>
        <dependency>
            <groupId>${pom.groupId}</groupId>
            <artifactId>online-store-web</artifactId>
            <version>${pom.currentVersion}</version>
            <type>war</type>
            <properties>
                <ear.appxml.war.context-root>/OnlineStore</ear.appxml.war.context-root>
                <ear.bundle>true</ear.bundle>
            </properties>
        </dependency>
    </dependencies>
    <properties/>
</project>