<?xml version="1.0" encoding="UTF-8"?>

<project>
    <extend>../project.xml</extend>
    <artifactId>andromda-site${bootstrap}-plugin</artifactId>
    <name>AndroMDA Site Plugin</name>
    <shortDescription>AndroMDA Site Plugin</shortDescription>
    <description>
        This Maven plugin provides the ability to generate the
        the style and consistency used within the AndroMDA
        site documentation.
    </description>
    <dependencies>
        <dependency>
            <groupId>commons-lang</groupId>
            <artifactId>commons-lang</artifactId>
            <version>2.3</version>
        </dependency>
        <dependency>
            <groupId>commons-jelly</groupId>
            <artifactId>commons-jelly</artifactId>
            <version>1.0-RC1</version>
        </dependency>
        <dependency>
            <groupId>commons-jelly</groupId>
            <artifactId>commons-jelly-tags-velocity</artifactId>
            <version>1.0</version>
        </dependency>
        <dependency>
            <groupId>velocity</groupId>
            <artifactId>velocity</artifactId>
            <version>1.4</version>
        </dependency>
        <dependency>
            <groupId>dom4j</groupId>
            <artifactId>dom4j</artifactId>
            <version>1.6.1</version>
        </dependency>
    </dependencies>
    <build>
        <sourceDirectory>src/java</sourceDirectory>
        <resources>
            <resource>
                <directory>.</directory>
                <includes>
                    <include>plugin.jelly</include>
                    <include>plugin.properties</include>
                    <include>project.xml</include>
                    <include>plugin-resources/**/*</include>
                </includes>
            </resource>
        </resources>
    </build>
</project>
