<?xml version="1.0"?>
<document>

	<properties>
    	<title>Download AndroMDA Cartridge Maven Plugin</title>
  	</properties>

  	<body>
    	<section name="Download AndroMDA Cartridge Maven Plugin">
			<p>
		      	The fastest way to get started developing AndroMDA plugins
		      	is by installing the AndroMDA Cartridge Maven Plugin.
	      	</p>
	      	<p>
	      		To download and install the plugin into your maven plugin repository, first
	      		make sure you are pointing to the AndroMDA team server in your
	      		 <code>maven.repo.remote</code> property
	      		(i.e. maven.repo.remote=http://www.ibiblio.org/maven,http://team.andromda.org/maven).
	      		Then type:
	 			<source>	
	maven plugin:download -DgroupId=andromda -DartifactId=andromda-cartridge-plugin -Dversion=3.3
	 			</source>     	
	      	</p>
    	</section>
  	</body>
</document>
