<?xml version="1.0" encoding="UTF-8"?>

<document>
  	<properties>
    	<title>AndroMDA Cartridge Maven Plugin Goals</title>
  	</properties>
  	<body>
    	<section name="Goals">
      		<table>	
      			<tr>
      				<th>
      					Goal
      				</th>
      				<th>
      					Description
      				</th>
      			</tr>
      			<tr>
      				<td nowrap="nowrap">
      					cartridge:test
      				</td>
      				<td>
	        			<p>
	        				Runs a cartridge test, which consists of generating output from a 
                            model and then comparing this output against the files located in
                            the test archive.
                            <a href="properties.html#maven.cartridge.test.archive">maven.cartridge.test.archive</a>	
	        			</p>
      				</td>
      			</tr>
      			<tr>
      				<td nowrap="nowrap">
      					cartridge:generate-howto-artifacts
      				</td>
      				<td>
	        			<p>
	        				Run AndroMDA on a "how-to" model in order to produce artifacts used for a
                            "how-to" tutorial for a given cartridge.	
	        			</p>
      				</td>
      			</tr>
      		</table>
    	</section>
  	</body>
</document>
