<?xml version="1.0" encoding="UTF-8"?>

<document>
  	<properties>
    	<title>AndroMDA Development Maven Plugin Properties</title>
  	</properties>
  	<body>
    	<section name="AndroMDA Cartridge Maven Plugin Settings">
            <subsection name="cartridge:test">
                <table>
                    <tr>
                        <th>Property</th>
                        <th>Required</th>
                        <th>Description</th>
                    </tr>
                    <tr>
                        <td>andromda.cartridge.test.configuration.uri</td>
                        <td>Yes</td>
                        <td>
                            The URI to the AndroMDA configuration file (this configures AndroMDA for the test model generation).
                        </td>
                    </tr>
                    <tr>
                        <td>andromda.cartridge.howto.configuration.uri</td>
                        <td>Yes</td>
                        <td>
                            The URI to the AndroMDA configuration file (this configures AndroMDA for the how-to model generation).
                        </td>
                    </tr>
                    <tr>
                        <td>andromda.cartridge.printreport</td>
                        <td>No</td>
                        <td>
                            <p>
                                If this value is set to false, test run details will appear 
                                on the console as the tests are executed. If not, they are stored in a file in 
                                the test-reports directory. 
                                Default value is <code>true</code>.
                            </p>
                        </td>
                    </tr>
                    <a name="andromda.cartridge.test.archive"/>
                    <tr>
                        <td>andromda.cartridge.test.archive</td>
                        <td>                        
                            No, default is <code>${maven.src.dir}/test/expected/cartridge-output.zip</code>
                        </td>
                        <td>
                            <p>
                                Specifies the location of the comparable archive. 
                                This archive will be extracted and used for comparison
                                against the output defined by 
                                <code>andromda.cartridge.test.output.dir</code>
                            </p>
                        </td>
                    </tr>	
                    <tr>
                        <td>andromda.cartridge.test.actual.dir</td>
                        <td>
                            No, default is <code>${maven.build.dir}/cartridge-test/actual</code>.
                        </td>
                        <td>
                            <p>
                                Specifies the location of the output that will be
                                compared against the files extracted from the 
                                <code>andromda.cartridge.test.archive</code>.
                            </p>
                        </td>
                    </tr> 
                    <tr>
                        <td>andromda.cartridge.extra.binary.file.suffixes</td>
                        <td>
                            No, default is <code>jpg,jpeg,gif,png,jar,zip</code>
                        </td>
                        <td>
                            Specifies any additional, file suffixes which will be 
                            compared as binary, by default <code>jpg,jpeg,gif,png,jar,zip</code>
                            are already included.  If the file suffix is not specified
                            the files will be compared as Strings.
                        </td>
                    </tr> 
                </table>
            </subsection>
			<subsection name="Including additional test dependencies">
				<p>
					Its possible to include additional dependencies for cartridge
                    tests, to do this, you must add the 
                    <code><![CDATA[<cartridge.testDependency/>]]></code> property
                    to the <code><![CDATA[<properties/>]]></code> section of the dependency
                    (or else it will be ignored), like the example below.
				</p>
				<source language="xml">
                    <![CDATA[
<dependency>
    <groupId>andromda</groupId>
    <artifactId>andromda-ocl-query-library</artifactId>
    <version>${pom.currentVersion}</version>
    <properties>
        <cartridge.testDependency/>
    </properties>
</dependency>
                    ]]>				
				</source>          
            </subsection>
    	</section>
  	</body>
</document>
