<andromda>
    <properties>
        <property name="cartridgeFilter">meta</property>
    </properties>
    <repositories>
        <repository name="netBeansMDR">
            <models>
                <model>
                    <uri>${model.uri}</uri>
                    <moduleSearchLocations>
                        <location>${maven.repo.local}/andromda/xml.zips</location>
                        <location patterns="**/*.xml.zip">${settings.localRepository}/org/andromda/profiles/uml14</location>
                        <location patterns="**/*.xml.zip">${settings.localRepository}/org/andromda/metafacades</location>
                        <location patterns="**/*.xml.zip">${andromda3.root}/cartridges/andromda-jsf/src/uml</location>
                    </moduleSearchLocations>
                    <modelPackages>
                        <modelPackage process="false">org::andromda::metafacades::uml</modelPackage>
                        <modelPackage process="false">org::andromda::cartridges::jsf::metafacades</modelPackage>
                    </modelPackages>
                </model>
            </models>            
        </repository>
    </repositories>
    <namespaces>
        <namespace name="meta">
            <properties>
                <property name="languageMappingsUri">Java</property>
                <property name="wrapperMappingsUri">JavaWrapper</property>
                <property name="facades">${build.src}</property>
                <property name="facade-logics">${build.src}</property>
                <property name="facade-logic-impls">${java.src.dir}</property>
            </properties>
        </namespace>
    </namespaces>
</andromda>