<document>
  <properties>
    <title>Seam Cartridge Project</title>
    <author email="vance@andromda.org">Vance Karimi</author>
  </properties>
  <body>
    <release version="1.0-SNAPSHOT" date="2007-04-01" desc="Changes for 1.0-SNAPSHOT">
      <action dev="vancek" type="add">
        Initial revision. This is a basic JBoss Seam cartridge.  It extends the JSF cartridge.  Required to be used
        with the EJB3 cartridge.  Refer the booking-seam example under the samples folder of the andromda-plugins
        project for basic usage.
      </action>
      <action dev="vancek" type="fix">
        jboss-seam.jar cannot exist in the ear and war.  This causes classpath issues and an error message
        when you have SFSB seam components.
        (Stateful session bean component should have a method marked @Remove @Destroy)
      </action>
      <action dev="vancek" due-to="" type="add">
        Added startup.xml xdoc thanks to hermida.
      </action>
    </release>
  </body>
</document>