<?xml version="1.0" encoding="ISO-8859-1"?>
<project name="AndroMDA Translation-Libraries">
    <skin>
        <groupId>org.andromda.maven.plugins.site</groupId>
        <artifactId>andromda-site-skin</artifactId>
        <version>3.4-SNAPSHOT</version>
    </skin>
    <bannerLeft>
        <name></name>
    </bannerLeft>
    <publishDate format="dd MMM yyyy hh:mm zzz"/>
	<body>
    	<links>
    	    <item name="Home" href="../index.html"/>
      		<item name="Translation-Libraries" href="/index.html"/>
    	</links>
		<menu name="Overview">
			<item name="About" href="index.html"/>
			<item name="Contents" href="contents.html"/>
			<item name="Developing" href="developing.html"/>
    	</menu>
    	<menu name="Schemas">
    		<item name="Descriptor" href="descriptor-schema.html"/>
    		<item name="Translation" href="translation-schema.html"/>
    		<item name="TranslationTest" href="translation-test-schema.html"/>
    	</menu>
    	<menu name="Translation-Libraries">
			<item name="Query" href="andromda-ocl-translation-libraries/andromda-ocl-query-library/index.html"/>
			<item name="Validation" href="andromda-ocl-translation-libraries/andromda-ocl-validation-library/index.html"/>
    	</menu>
    	<menu ref="reports"/>
  	</body>
</project>
