<?xml version="1.0" encoding="UTF-8"?>

<document>
  	<properties>
    	<title>AndroMDA Development Maven Plugin Properties</title>
  	</properties>
  	<body>
    	<section name="AndroMDA Development Maven Plugin Settings">
            <subsection name="translationlibrary:test">
                <table>
                    <tr>
                        <th>Property</th>
                        <th>Required</th>
                        <th>Description</th>
                    </tr>
                    <tr>
                        <td>andromda.translationlibrary.model.uri</td>
                        <td>Yes</td>
                        <td>
                            The URI to the model used to run tests.
                            (i.e.<code>andromda.translationlibrary.model.uri=jar:file:${andromda.src.dir}/test/uml/ContractsModel.xml.zip!/ContractsModel.xml</code>).
                        </td>
                    </tr>
                    <tr>
                        <td>andromda.translationlibrary.printreport</td>
                        <td>No</td>
                        <td>
                            <p>
                                If this value is set to false, test run details will appear 
                                on the console as the tests are executed. If not, they are stored in a file in 
                                the test-reports directory. 
                                Default value is <code>true</code>.
                            </p>
                        </td>
                    </tr>
                    <tr>
                        <td>andromda.translationlibrary.test.languageMappingsUri</td>
                        <td>No</td>
                        <td>
                            <p>
                                The URI for the language mappings file to use when testing AndroMDA plugins 
                                (i.e. translation-libraries, etc).  Default value is 
                                <code>file:${plugin.resources}/andromda/mappings/JavaMappings.xml</code>.
                            </p>
                        </td>
                    </tr>     
                    <tr>
                        <td>andromda.translationlibrary.test.model.validation</td>
                        <td>No</td>
                        <td>
                            <p>
                                Allows you to turn on/off model validation when running
                                translation tests.  If you want to turn off model
                                validation, you would set this flag to <code>false</code>. 
                                Default value is <code>true</code>.
                            </p>
                        </td>
                    </tr>  
                    <tr>
                        <td>andromda.translationlibrary.test.moduleSearchPath</td>
                        <td>No</td>
                        <td>
                            <p>
                                Specifies the path on which to find any modules referenced by the model.
                                For example (../../etc/profile/src/uml).
                            </p>
                        </td>
                    </tr>  	  		
                </table>
            </subsection>
            <subsection name="translationlibrary:generate">
                 <table>
                    <tr>
                        <th>Property</th>
                        <th>Required</th>
                        <th>Description</th>
                    </tr>
                    <tr>
                        <td>andromda.translationlibrary.translation.file.ext</td>
                        <td>No</td>
                        <td>
                            <p>
                                The extension for generated translation files. 
                                Default value is <code>vsl</code>.
                            </p>
                        </td>
                    </tr>
                    <tr>
                        <td>andromda.translationlibrary.translation.translator.package</td>
                        <td>No</td>
                        <td>
                            <p>
                                The package to which Translators will be generated. 
                                Default value is <code>org.translationlibrary.translation.${library}</code>.
                            </p>
                        </td>
                    </tr>    
                    <tr>
                        <td>andromda.translationlibrary.translation.translator.superclass</td>
                        <td>No</td>
                        <td>
                            <p>
                                The Translator super class (if empty, the Translator won't have one). 
                                Default value is 
                                <a href="../andromda-core/apidocs/org/andromda/core/translation/BaseTranslator.html">org.translationlibrary.core.translation.BaseTranslator</a>.
                            </p>
                        </td>
                    </tr>
                </table>
            </subsection>
    	</section>
  	</body>
</document>
