<?xml version="1.0" encoding="ISO-8859-1"?>
<project name="AndroMDA Maven Plugins">
    <skin>
        <groupId>org.andromda.maven.plugins.site</groupId>
        <artifactId>andromda-site-skin</artifactId>
        <version>3.4-SNAPSHOT</version>
    </skin>
    <bannerLeft>
        <name></name>
    </bannerLeft>
    <publishDate format="dd MMM yyyy hh:mm zzz"/>
	<body>
    	<links>
    	    <item name="Home" href="../index.html"/>
    		<item name="Maven" href="http://maven.apache.org"/>
      		<item name="AndroMDA Maven Plugins" href="/index.html"/>
    	</links>
    	<menu name="Maven Plugins">
    		<item name="AndroMDA Plugin" href="andromda-maven-plugin/index.html"/>
			<item name="AndroMDApp Plugin" href="andromdapp-maven-plugin/index.html"/>
    		<item name="AndroMDA Cartridge Plugin" href="andromda-cartridge-plugin/index.html"/>
            <item name="AndroMDA Translation-Library Plugin" href="andromda-translation-library-plugin/index.html"/>
    	</menu>
    	<menu ref="reports"/>
  	</body>
</project>
