<project name="M2 M1 copy" default="copy-m2-m1">
	
  <condition property="repositories.present">
	<and>
		<available file="${maven1.repository}" type="dir"/>
		<available file="${maven2.repository}" type="dir"/>
	</and>
  </condition>
	
	<target name="copy-m2-m1" depends="fail,copy">
		
	</target>
	
	<target name="fail" unless="repositories.present">
		<echo>
********* copy-m2-m1 ********************************************************
**  maven1.repository (${maven1.repository} and/or 
**  maven2.repository (${maven2.repository}) not set or does not exist.">			
*****************************************************************************
		</echo>
	</target>
	
	<!-- Copy maven 2 artifacts to maven 1 repository-->
	<target name="copy" if="repositories.present">
		<echo>
  Copying M2 artifacts 
			from ${maven2.repository}/org/andromda		
			to ${maven1.repository}/andromda
		</echo>
		<copy todir="${maven1.repository}/andromda/jars" flatten="true" preservelastmodified="true">
			<fileset dir="${maven2.repository}/org/andromda">
				<include name="**/*.jar"/>
			</fileset>
		</copy>
	</target>
</project>