<?xml version="1.0" encoding="UTF-8"?>
<project>
    <extend>../project.xml</extend>
    <artifactId>animal-quiz-core</artifactId>
    <name>Animal Quiz Core Business Tier</name>
    <shortDescription>The ${pom.name} Component</shortDescription>
    <dependencies>
        <dependency>
            <groupId>${pom.groupId}</groupId>
            <artifactId>animal-quiz-mda</artifactId>
            <version>${pom.currentVersion}</version>
            <type>pom</type>
        </dependency>
        <dependency>
            <groupId>${pom.groupId}</groupId>
            <artifactId>animal-quiz-common</artifactId>
            <version>${pom.currentVersion}</version>
            <properties>
                <ejb.manifest.classpath>true</ejb.manifest.classpath>
            </properties>
        </dependency>
        <dependency>
            <groupId>andromda</groupId>
            <artifactId>andromda-core</artifactId>
            <version>${pom.currentVersion}</version>
            <type>jar</type>
            <properties>
                <ejb.manifest.classpath>true</ejb.manifest.classpath>
            </properties>
        </dependency>
        <dependency>
            <groupId>andromda</groupId>
            <artifactId>andromda-ocl-translation-core</artifactId>
            <version>${pom.currentVersion}</version>
            <type>jar</type>
            <properties>
                <ejb.manifest.classpath>true</ejb.manifest.classpath>
            </properties>
        </dependency>
        <dependency>
            <groupId>andromda</groupId>
            <artifactId>andromda-ocl-validation-library</artifactId>
            <version>${pom.currentVersion}</version>
            <type>jar</type>
            <properties>
                <ejb.manifest.classpath>true</ejb.manifest.classpath>
            </properties>
        </dependency>
        <dependency>
            <groupId>commons-beanutils</groupId>
            <artifactId>commons-beanutils</artifactId>
            <version>1.7.0</version>
            <properties>
                <ejb.manifest.classpath>true</ejb.manifest.classpath>
            </properties>
        </dependency>
        <dependency>
            <groupId>commons-logging</groupId>
            <artifactId>commons-logging</artifactId>
            <version>1.1</version>
            <properties/>
        </dependency>
        <dependency>
            <groupId>hibernate</groupId>
            <artifactId>hibernate</artifactId>
            <version>2.1.8</version>
            <properties>
                <ejb.manifest.classpath>true</ejb.manifest.classpath>
            </properties>
        </dependency>
        <dependency>
            <groupId>cglib</groupId>
            <artifactId>cglib</artifactId>
            <version>2.0.2</version>
            <properties>
                <ejb.manifest.classpath>true</ejb.manifest.classpath>
            </properties>
        </dependency>
        <dependency>
            <groupId>asm</groupId>
            <artifactId>asm</artifactId>
            <version>1.4.3</version>
            <properties>
                <ejb.manifest.classpath>true</ejb.manifest.classpath>
            </properties>
        </dependency>
        <dependency>
            <groupId>dom4j</groupId>
            <artifactId>dom4j</artifactId>
            <version>1.6.1</version>
            <properties>
                <ejb.manifest.classpath>true</ejb.manifest.classpath>
            </properties>
        </dependency>
        <dependency>
            <groupId>odmg</groupId>
            <artifactId>odmg</artifactId>
            <version>3.0</version>
            <properties>
                <ejb.manifest.classpath>true</ejb.manifest.classpath>
            </properties>
        </dependency>
        <dependency>
            <groupId>ehcache</groupId>
            <artifactId>ehcache</artifactId>
            <version>0.9</version>
            <properties>
                <ejb.manifest.classpath>true</ejb.manifest.classpath>
            </properties>
        </dependency>
        <dependency>
            <groupId>aopalliance</groupId>
            <artifactId>aopalliance</artifactId>
            <version>1.0</version>
            <properties>
                <ejb.manifest.classpath>true</ejb.manifest.classpath>
            </properties>
        </dependency>
        <dependency>
            <groupId>springframework</groupId>
            <artifactId>spring</artifactId>
            <version>1.2.9</version>
            <properties>
                <ejb.manifest.classpath>true</ejb.manifest.classpath>
            </properties>
        </dependency>
        <dependency>
            <groupId>commons-collections</groupId>
            <artifactId>commons-collections</artifactId>
            <version>3.1</version>
            <properties>
                <ejb.manifest.classpath>true</ejb.manifest.classpath>
            </properties>
        </dependency>
        <dependency>
            <groupId>commons-lang</groupId>
            <artifactId>commons-lang</artifactId>
            <version>2.3</version>
            <properties>
                <ejb.manifest.classpath>true</ejb.manifest.classpath>
            </properties>
        </dependency>
        <dependency>
            <groupId>jboss</groupId>
            <artifactId>jboss-j2ee</artifactId>
            <version>3.2.3</version>
            <type>jar</type>
            <properties/>
        </dependency>
        <!-- axis dependencies -->
        <dependency>
            <groupId>axis</groupId>
            <artifactId>axis</artifactId>
            <version>${axis.version}</version>
            <properties>
                <ejb.manifest.classpath>true</ejb.manifest.classpath>
            </properties>
        </dependency>
        <dependency>
            <groupId>commons-discovery</groupId>
            <artifactId>commons-discovery</artifactId>
            <version>0.2</version>
            <properties>
                <ejb.manifest.classpath>true</ejb.manifest.classpath>
            </properties>
        </dependency>
        <dependency>
            <groupId>axis</groupId>
            <artifactId>axis-jaxrpc</artifactId>
            <version>${axis.version}</version>
            <properties>
                <ejb.manifest.classpath>true</ejb.manifest.classpath>
            </properties>
        </dependency>
        <dependency>
            <groupId>axis</groupId>
            <artifactId>axis-schema</artifactId>
            <version>${axis.version}</version>
            <properties>
                <ejb.manifest.classpath>true</ejb.manifest.classpath>
            </properties>
        </dependency>
        <dependency>
            <groupId>axis</groupId>
            <artifactId>axis-saaj</artifactId>
            <version>${axis.version}</version>
            <properties>
                <ejb.manifest.classpath>true</ejb.manifest.classpath>
            </properties>
        </dependency>
        <dependency>
            <groupId>axis</groupId>
            <artifactId>axis-wsdl4j</artifactId>
            <version>${axis.version}</version>
            <properties>
                <ejb.manifest.classpath>true</ejb.manifest.classpath>
            </properties>
        </dependency>
    </dependencies>
    <build>
        <sourceDirectory>src/main/java</sourceDirectory>
        <resources>
            <resource>
                <directory>${maven.build.src}</directory>
                <excludes>
                    <exclude>**/*.java</exclude>
                </excludes>
            </resource>
        </resources>
    </build>
    <properties/>
</project>
