<?xml version="1.0" encoding="UTF-8"?>

<project>
  	<extend>../project.xml</extend>
  	<artifactId>andromda-templateengine-freemarker</artifactId>
  	<name>FreeMarker Template Engine</name>
  	<shortDescription>The FreeMarker Template Engine</shortDescription>
  	<description>
  		This is the template engine that supports the FreeMarker
  		scripting language.
  	</description>
  	<package>org.andromda.templateengines.velocity</package>
	<dependencies>
    	<dependency>
	      	<groupId>andromda</groupId>
	      	<artifactId>andromda-core</artifactId>
	      	<version>${pom.currentVersion}</version>
	    </dependency>
    	<dependency> 
    		<groupId>freemarker</groupId>
      		<artifactId>freemarker</artifactId>
     		<version>2.3.1</version>
    	</dependency> 	
        <!-- 
	    <dependency>
	      	<groupId>commons-lang</groupId>
	      	<artifactId>commons-lang</artifactId>
	      	<version>2.0</version>
	    </dependency>
	    <dependency>
	      	<groupId>commons-collections</groupId>
	      	<artifactId>commons-collections</artifactId>
     		<version>3.1</version>
	    </dependency>
        -->
		<dependency> 
    		<groupId>log4j</groupId>
      		<artifactId>log4j</artifactId>
     		<version>1.2.8</version>
    	</dependency> 
	</dependencies>	
</project>
