<?xml version="1.0"?>

<document>

  <properties>
    <author email="cwbrandon@users.sourceforge.net">Chad Brandon</author>
    <title>AndroMDA - Schema2XMI</title>
  </properties>

  <body>

    <section name="What is Schema2XMI?">
        <p>
			Schema2XMI is a generator that will read a database
			schema and write your schema into an XMI model.
			This is useful for a couple of reasons:
			<ul>
				<li>
					Your company wants your DBA(s) to design your
					schema.
				</li>
				<li>
					Your application already has an existing schema.
				</li>
				<li>
					You want to move a legacy application to AndroMDA.
				</li>
			</ul>
        </p>
    </section>
	<section name="What kind of models will it produce?">
		<p>
            The produced XMI model will possess the following attributes:
		    <ul>
				<li>
                    Associations will contain correct multiplicities 
					based on foreign key relations.					
				</li>
				<li>
					Correct multiplicities on attributes that
					are nullable vs. non-nullable (0..1 and 1).
				</li>
				<li>
					Composite aggregation will be created on relationships
					marked with cascade deletes.
				</li>
				<li>
					Configurable stereotypes will be added to 
					classes and identifiers.
				</li>
				<li>
					Optional configurable tagged values for column names 
					and table names can be added to attributes and
					tables respectively.
			    </li>
		    </ul>			
		</p>
		<subsection name="How do I use Schema2XMI?">
			<p>
				Schema2XMI is a command line utility that you'll
				pass arguments to and then execute the main
				<a href="apidocs/org/andromda/schema2xmi/Schema2XMI.html">Schema2XMI</a> class.
				The usage is defined below:
			</p>
<source><![CDATA[
usage: org.andromda.schema2xmi.Schema2XMI [options] ...]]

Options:
 -C,--classStereotypes <arg>        Comma seperated list of stereotype
                                    names to add to the created class
 -I,--identifierStereotypes <arg>   Comma seperated list of stereotype
                                    names to add to any class identifiers
 -P,--package <arg>                 The package to output classifiers
 -V,--tableTaggedValue <arg>        The tagged value to use for storing
                                    the table name
 -a,--columnPattern <arg>           The column name pattern of columns to
                                    process (regular expression)
 -c,--connectionUrl <arg>           JDBC connection URL
 -d,--driver <arg>                  JDBC driver class
 -h,--help                          Display help information
 -i,--input <arg>                   Input model file (to which model
                                    elements will be added)
 -m,--mappings <arg>                The type mappings URI (i.e.
                                    file:${basedir}/DataypeMappings.xml)
 -o,--output <arg>                  Output location to which the result of
                                    the transformation will be written
 -p,--password <arg>                Schema user password
 -s,--schema <arg>                  The name of the schema where the
                                    tables can be found
 -t,--tablePattern <arg>            The table name pattern of tables to
                                    process (regular expression)
 -u,--user <arg>                    Schema user name
 -v,--columnTaggedValue <arg>       The tagged value to use for storing
                                    the column name
 -x,--xmi <arg>                     Specifies the XMI version that will be
                                    produced
]]></source>
        <p>
			Here's an example of how you could use Schema2XMI with 
			an Oracle schema from Ant with the <code>java</code> task .
        </p>
<source language="xml"><![CDATA[
<java classname="org.andromda.schema2xmi.Schema2XMI" fork="true">
    <classpath>
        <path refid="schema2xmi.classpath"/>
    </classpath>
    <arg value="-i"/>
    <arg value="jar:file:${src.dir}/test/uml/SomeModel.xml.zip!/SomeModel.xml"/>
    <arg value="-u"/>
    <arg value="someuser"/>
    <arg value="-p"/>
    <arg value="somepassword"/>
    <arg value="-c"/>
    <arg value="jdbc:oracle:oci:@yoursid"/>
    <arg value="-d"/>
    <arg value="oracle.jdbc.driver.OracleDriver"/>
    <arg value="-m"/>
    <arg value="file:${conf.dir}/mappings/DatatypeMappings.xml"/>
    <arg value="-o"/>
    <arg value="${build.dir}/schema2xmi/transformed.xmi"/>
    <arg value="-t"/>
    <arg value="[\p{Lower}\p{Upper}[_]]*"/>
    <arg value="-P"/>
    <arg value="org::andromda::sample"/>
    <arg value="-C"/>
    <arg value="entity,persistent"/>
    <ant value="-I"/>
    <arg value="identifier"/>
    <arg value="-V"/>
    <arg value="@andromda.persistence.table"/>
    <arg value="-v"/>
    <arg value="@andromda.persistence.column"/>
</java>
]]></source>
            <p class="highlight">
                IMPORTANT:  The datatype mappings file that you specify with the <em>-m</em>
                argument, must be structured like the example directly below:
            </p>
<source language="xml"><![CDATA[
<!--
  This is used to map SQL Types to
  model datatypes for Schema2XMI
-->
<mappings name="DatatypeMappings">
    <mapping>
        <from>DECIMAL</from>
        <to>datatype::Decimal</to>
    </mapping>
    <mapping>
        <from>VARCHAR</from>
        <to>datatype::String</to>
    </mapping>
    <mapping>
        <from>TIMESTAMP</from>
        <to>datatype::Timestamp</to>
    </mapping>
    <mapping>
        <from>BLOB</from>
        <to>datatype::Blob</to>
    </mapping>
</mappings>
]]></source>
		</subsection>
    </section>
  </body>
</document>
