<?xml version="1.0" encoding="UTF-8"?>

<project>
    <extend>../project.xml</extend>
  	<artifactId>andromda-maven-core</artifactId>
  	<name>AndroMDA Maven Core</name>
  	<shortDescription>AndroMDA Maven Core</shortDescription>
  	<description>
  		The AndroMDA Maven Core.  Contains the AndroMDARunner that
        wraps AndroMDA for Maven.
  	</description>
	<package>org.andromda.maven</package>
  	<developers>
    	<developer>
      		<name>Chad Brandon</name>
      		<id>cwbrandon</id>
      		<email>chad@andromda.org</email>
            <roles>
                <role>Developer</role>
            </roles>
    	</developer>
    </developers>
	<dependencies>
        <dependency>
            <groupId>${pom.groupId}</groupId>
            <artifactId>${pom.groupId}-core</artifactId>
            <version>${pom.currentVersion}</version>            
        </dependency>
        <dependency>
            <groupId>commons-collections</groupId>
            <artifactId>commons-collections</artifactId>
             <version>3.1</version>
        </dependency>
        <dependency>
            <groupId>ant</groupId>
            <artifactId>ant</artifactId>
            <version>1.6.2</version>
        </dependency>
        <dependency>
            <groupId>commons-lang</groupId>
            <artifactId>commons-lang</artifactId>
            <version>2.3</version>
        </dependency>
        <dependency>
            <groupId>maven</groupId>
            <artifactId>maven</artifactId>
            <version>1.0.2</version>
        </dependency>
        <dependency>
            <groupId>commons-jelly</groupId>
            <artifactId>commons-jelly</artifactId>
            <version>1.0-RC1</version>
        </dependency>
	</dependencies>
    <build>
        <sourceDirectory>src/java</sourceDirectory>
    </build>
</project>
