<project xmlns:artifact="artifact"
         xmlns:j="jelly:core"
         xmlns:ant="jelly:ant"
         xmlns:velocity="jelly:velocity">

    <preGoal name="jar:jar">
        <!-- The following builds the the bootstrap plugin.
             You build the bootstrap plugin, by supplying the
             property 'maven.andromda.bootstrap.mode=true'-->
        <j:set var="bootstrapMode" value="${maven.andromda.bootstrap.mode}"/>
        <j:if test="${bootstrapMode == null or bootstrapMode == ''}">
            <j:set var="bootstrapMode" value="false"/>
        </j:if>
        <j:set var="bootstrap" value=""/>
        <j:if test="${bootstrapMode}">
            <j:set var="bootstrap" value="-bootstrap"/>
            <j:set var="bootstrapPluginId" value="andromda-cartridge${bootstrap}-plugin"/>
            <j:set var="bootstrapGroupId" value="${pom.groupId}${bootstrap}"/>
            <j:set var="dummy" value="${pom.setArtifactId(bootstrapPluginId)}"/>
            <j:set var="dummy" value="${pom.setGroupId(bootstrapGroupId)}"/>
        </j:if>
        <!-- Replace references to the '${bootstrap} property' -->
        <ant:replace file="${maven.build.dest}/plugin.jelly"
            token="$${bootstrap}"
            value="${bootstrap}">
        </ant:replace>
        <!-- replace the ${pom.currentVersion} in these
             files so we don't need to maintain them between
             different releases -->
        <velocity:merge
            name="${maven.build.dest}/plugin.properties"
            basedir="${basedir}"
            template="/plugin.properties"/>
        <ant:delete file="${maven.build.dest}/project.xml"/>
        <velocity:merge
            name="${maven.build.dest}/project.xml"
            basedir="${basedir}"
            template="/project.xml"/>
        <!-- copy over the mappings -->
        <ant:copy todir="${maven.build.dest}/plugin-resources/andromda/mappings">
            <ant:fileset dir="${mappings.location}"/>
        </ant:copy>
    </preGoal>

    <!-- Override the default plugin:install to just install
         the plugin into the local repository (since we don't
         want this plugin in the $MAVEN_HOME/plugins directory -->
    <goal name="plugin:install">
        <attainGoal name="clean:clean"/>
        <attainGoal name="jar:jar"/>
        <artifact:install
            artifact="${maven.build.dir}/${maven.final.name}.jar"
            type="plugin"
            project="${pom}"/>
    </goal>

</project>