<?xml version="1.0" encoding="UTF-8"?>

<project>
    <extend>../project.xml</extend>
    <artifactId>andromda-cartridge${bootstrap}-plugin</artifactId>
    <name>Cartridge Maven Plugin</name>
    <shortDescription>Cartridge Maven Plugin</shortDescription>
    <description>
        This is a Maven Plugin which provides the ability to perform AndroMDA cartridge tasks,
        such as cartridge testing, etc.
    </description>
    <dependencies>
        <dependency>
            <groupId>andromda${bootstrap}</groupId>
            <artifactId>andromda-core</artifactId>
            <version>${pom.currentVersion}</version>
        </dependency>
        <dependency>
            <groupId>andromda${bootstrap}</groupId>
            <artifactId>andromda-utils</artifactId>
            <version>${pom.currentVersion}</version>
        </dependency>
        <dependency>
            <groupId>andromda${bootstrap}</groupId>
            <artifactId>andromda-ant-task</artifactId>
            <version>${pom.currentVersion}</version>
        </dependency>
        <dependency>
            <groupId>andromda${bootstrap}</groupId>
            <artifactId>andromda-metafacades-uml</artifactId>
            <version>${pom.currentVersion}</version>
        </dependency>
        <dependency>
            <groupId>andromda${bootstrap}</groupId>
            <artifactId>andromda-metafacades-uml14</artifactId>
            <version>${pom.currentVersion}</version>
        </dependency>
        <dependency>
            <groupId>andromda${bootstrap}</groupId>
            <artifactId>andromda-templateengine-velocity</artifactId>
            <version>${pom.currentVersion}</version>
        </dependency>
        <dependency>
            <groupId>andromda${bootstrap}</groupId>
            <artifactId>andromda-repository-mdr</artifactId>
            <version>${pom.currentVersion}</version>
        </dependency>
        <dependency>
            <groupId>andromda${bootstrap}</groupId>
            <artifactId>andromda-repository-mdr-uml14</artifactId>
            <version>${pom.currentVersion}</version>
        </dependency>
        <dependency>
            <groupId>andromda${bootstrap}</groupId>
            <artifactId>andromda-cartridge-testsuite</artifactId>
            <version>${pom.currentVersion}</version>
        </dependency>
        <dependency>
            <groupId>andromda${bootstrap}</groupId>
            <artifactId>andromda-ocl-translation-core</artifactId>
            <version>${pom.currentVersion}</version>
        </dependency>
        <dependency>
            <groupId>andromda${bootstrap}</groupId>
            <artifactId>andromda-ocl-validation-library</artifactId>
            <version>${pom.currentVersion}</version>
        </dependency>
        <dependency>
            <groupId>andromda${bootstrap}</groupId>
            <artifactId>andromda-maven-core</artifactId>
            <version>${pom.currentVersion}</version>
        </dependency>
        <dependency>
            <groupId>maven</groupId>
            <artifactId>maven</artifactId>
            <version>1.0.2</version>
        </dependency>
        <dependency>
            <groupId>commons-jelly</groupId>
            <artifactId>commons-jelly</artifactId>
            <version>1.0-RC1</version>
        </dependency>
        <dependency>
              <groupId>commons-beanutils</groupId>
              <artifactId>commons-beanutils</artifactId>
            <version>1.7.0</version>
        </dependency>
        <dependency>
              <groupId>commons-collections</groupId>
              <artifactId>commons-collections</artifactId>
             <version>3.1</version>
        </dependency>
        <dependency>
              <groupId>commons-digester</groupId>
              <artifactId>commons-digester</artifactId>
              <version>1.7</version>
        </dependency>
        <dependency>
              <groupId>commons-io</groupId>
              <artifactId>commons-io</artifactId>
              <version>1.1</version>
        </dependency>
        <dependency>
              <groupId>commons-lang</groupId>
              <artifactId>commons-lang</artifactId>
              <version>2.3</version>
        </dependency>
        <dependency>
              <groupId>commons-logging</groupId>
              <artifactId>commons-logging</artifactId>
              <version>1.1</version>
        </dependency>
        <dependency>
            <groupId>log4j</groupId>
              <artifactId>log4j</artifactId>
             <version>1.2.8</version>
        </dependency>
        <dependency>
            <groupId>velocity</groupId>
              <artifactId>velocity</artifactId>
             <version>1.4</version>
        </dependency>
        <dependency>
            <groupId>jmi</groupId>
              <artifactId>jmiuml</artifactId>
             <version>1.4di</version>
        </dependency>
        <dependency>
            <groupId>jmi</groupId>
              <artifactId>mof</artifactId>
             <version>20030918</version>
        </dependency>
        <dependency>
            <groupId>jmi</groupId>
              <artifactId>jmi</artifactId>
             <version>20030918</version>
        </dependency>
        <dependency>
            <groupId>mdr</groupId>
              <artifactId>jmiutils</artifactId>
             <version>20050711</version>
        </dependency>
        <dependency>
            <groupId>mdr</groupId>
              <artifactId>mdrapi</artifactId>
             <version>20050711</version>
        </dependency>
         <dependency>
            <groupId>mdr</groupId>
              <artifactId>nbmdr</artifactId>
             <version>20050711</version>
        </dependency>
         <dependency>
            <groupId>mdr</groupId>
              <artifactId>openide-util</artifactId>
             <version>20050711</version>
        </dependency>
        <dependency>
              <groupId>commons-jelly</groupId>
              <artifactId>commons-jelly-tags-velocity</artifactId>
              <version>1.0</version>
        </dependency>
    </dependencies>
    <build>
        <resources>
            <resource>
                <directory>.</directory>
                <includes>
                    <include>plugin.jelly</include>
                    <include>plugin.properties</include>
                    <include>project.xml</include>
                    <include>plugin-resources/**/*</include>
                </includes>
              </resource>
        </resources>
    </build>
</project>
