<?xml version="1.0" encoding="UTF-8"?>

<project name="AndroMDA Site Plugin">
  	<title>AndroMDA Site Plugin</title>
  	<body>
    	<links>
    		<item name="AndroMDA Site Plugin" href="../andromda-site-plugin/index.html"/>
            <item name="AndroMDA Maven Plugins" href="../andromda-maven-plugins/index.html"/>
      		<item name="AndroMDA" href="../index.html"/>
    	</links>
    	<menu name="Overview">
      		<item name="Goals" href="/goals.html"/>
      		<item name="Properties" href="/properties.html"/>
    	</menu>
  	</body>
</project>