<?xml version="1.0" encoding="UTF-8"?>

<document>
    <properties>
        <title>AndroMDA Site Plug-in Properties</title>
    </properties>
    <body>
        <section name="AndroMDA Maven Plug-in Settings">
            <subsection name="andromda:run">
                <table>
                    <tr>
                        <th>Property</th>
                        <th>Required</th>
                        <th>Description</th>
                    </tr>
                    <tr>
                        <td>
                        </td>
                        <td>
                        </td>
                        <td>
                        </td>
                    </tr>
                </table>
            </subsection>
        </section>
    </body>
</document>