<project default="ear:install"
         xmlns:ant="jelly:ant"
         xmlns:j="jelly:core">

    <ant:property environment="env"/>

    <goal name="deploy" prereqs="undeploy,ear:ear">
        <j:choose>
            <j:when test="${deployExploded}">
                <j:set var="explodedDir" value="${maven.build.dir}/exploded"/>
                <j:set var="explodedTmpDir" value="${maven.build.dir}/explodedTmp"/>
                <ant:delete dir="${explodedDir}"/>
                <ant:delete dir="${explodedTmpDir}"/>
                <!-- unzip the ear -->
                <ant:unzip src="${maven.build.dir}/${maven.final.name}.ear" dest="${explodedDir}"/>
                <!-- unzip the containing wars -->
                <ant:fileScanner var="warFiles">
                    <ant:fileset dir="${explodedDir}">
                        <ant:include name="*.war"/>
                    </ant:fileset>
                </ant:fileScanner>
                <j:forEach var="warFile" items="${warFiles.iterator()}">
                    <ant:move file="${warFile}" todir="${explodedTmpDir}"/>
                    <ant:mkdir dir="${explodedDir}/${warFile.name}"/>
                    <ant:unzip src="${explodedTmpDir}/${warFile.name}" dest="${explodedDir}/${warFile.name}"/>
                </j:forEach>
                <ant:copy todir="${env.JBOSS_HOME}/server/${jboss.config}/deploy/${maven.final.name}.ear">
                    <fileset dir="${explodedDir}"/>
                </ant:copy>
            </j:when>
            <j:otherwise>
                <ant:copy file="${maven.build.dir}/${maven.final.name}.ear"
                    todir="${env.JBOSS_HOME}/server/${jboss.config}/deploy"/>
            </j:otherwise>
        </j:choose>
    </goal>

    <goal name="undeploy">
        <ant:delete includeEmptyDirs="true">
            <ant:fileset dir="${env.JBOSS_HOME}/server/${jboss.config}/deploy">
                <!-- in case previously deployed as a file -->
                <ant:include name="${maven.final.name}.ear"/>
                <!-- in case previously deployed as a directory -->
                <ant:include name="${maven.final.name}.ear/**/*"/>
            </ant:fileset>
        </ant:delete>
    </goal>

</project>
