<?xml version="1.0" encoding="UTF-8"?>

<project>
    <artifactId>${application.id}</artifactId>
    <groupId>${application.id}</groupId>
    <name>${application.name}</name>
    <currentVersion>${application.version}</currentVersion>
    <shortDescription>Northwind.TimeTracker</shortDescription>
    <description>
      Contains the Northwind.TimeTracker project.
    </description>
    <package>${application.package}</package>
    <developers>
    </developers>
    <dependencies>
        <dependency>
            <groupId>commons-jelly</groupId>
            <artifactId>commons-jelly-tags-interaction</artifactId>
            <version>${commons.jelly.version}</version>
        </dependency>
    </dependencies>
</project>