<?xml version="1.0" encoding="UTF-8"?>

<cruisecontrol>
    <project name="stockholm-andromda-all">
        <bootstrappers>
        </bootstrappers>
        <modificationset>
            <cvs localWorkingCopy="/var/andromda/andromda-all" />
        </modificationset>
        <labelincrementer defaultLabel="stockholm-build.1"/>
        <!-- 3 hours -->
        <!--schedule interval="10"-->
        <schedule interval="3600">
            <maven goal="scm:update-project|clean|-e dist|-e docs|deploy-distribution" projectfile="/var/andromda/andromda-all/project.xml" mavenscript="/usr/local/maven-1.0.2/bin/maven"/>
        </schedule>
        <listeners>
           <currentbuildstatuslistener file="/var/andromda/logs/andromda-all/currentbuildstatus.txt"/>
        </listeners>
		<log dir="/var/andromda/logs/andromda-all">
            <merge dir="/var/andromda/andromda-all/andromda/target/test-reports"/>
            <merge dir="/var/andromda/andromda-all/cartridges/andromda-ejb/target/test-reports"/>
            <merge dir="/var/andromda/andromda-all/cartridges/andromda-bpm4struts/target/test-reports"/>
            <merge dir="/var/andromda/andromda-all/cartridges/andromda-hibernate/target/test-reports"/>
            <merge dir="/var/andromda/andromda-all/cartridges/andromda-java/target/test-reports"/>
            <merge dir="/var/andromda/andromda-all/cartridges/andromda-meta/target/test-reports"/>
            <merge dir="/var/andromda/andromda-all/cartridges/andromda-spring/target/test-reports"/>
            <merge dir="/var/andromda/andromda-all/cartridges/andromda-webservice/target/test-reports"/>
            <merge dir="/var/andromda/andromda-all/cartridges/andromda-xmlschema/target/test-reports"/>
            <merge dir="/var/andromda/andromda-all/metafacades/uml/uml14/target/test-reports"/>
            <merge dir="/var/andromda/andromda-all/repositories/mdr/target/test-reports"/>
            <merge dir="/var/andromda/andromda-all/templateengines/velocity/target/test-reports"/>
            <merge dir="/var/andromda/andromda-all/translation-libraries/ocl/core/target/test-reports"/>
            <merge dir="/var/andromda/andromda-all/translation-libraries/ocl/testsuite/target/test-reports"/>
            <merge dir="/var/andromda/andromda-all/translation-libraries/ocl/andromda-query/target/test-reports"/>
            <merge dir="/var/andromda/andromda-all/translation-libraries/ocl/andromda-validation/target/test-reports"/>
        </log>
        <publishers>
            <currentbuildstatuspublisher file="/var/andromda/logs/andromda-all/currentbuildstatus.txt"/>
            <htmlemail logdir="/var/andromda/logs/andromda-all"
                mailhost="localhost"
                buildresultsurl="http://thecla.homeftp.net:8080/cruisecontrol/buildresults/andromda-all"
                spamwhilebroken="true"
                subjectprefix="[BUILD]"
                returnaddress="committers@andromda.org"
                defaultsuffix="@users.sourceforge.net"
                xslfile="/var/andromda/andromda-all/etc/cc-build/xsl/andromda.xsl">
                <map address="matthias@andromda.org" alias="mattes3"/>
                <map address="chad@andromda.org" alias="cwbrandon"/>
                <map address="wouter@andromda.org" alias="draftdog"/>
                <map address="martin@andromda.org" alias="amartinwest"/>
                <map address="carlos@andromda.org" alias="carloslcuenca"/>
                <failure address="committers@andromda.org"/>
                <always address="chad.brandon@gmail.com"/>
                <always address="westam@dsl.pipex.com"/>
                <always address="wouter.zoons@coditel.net"/>
            </htmlemail>
        </publishers>
    </project>
    <project name="andromda-contrib">
        <bootstrappers>
        </bootstrappers>
        <modificationset>
            <cvs localWorkingCopy="/var/andromda/contrib" />
        </modificationset>
        <listeners>
           <currentbuildstatuslistener file="/var/andromda/logs/andromda-contrib/currentbuildstatus.txt"/>
        </listeners>
        <schedule interval="900">
            <maven goal="scm:update-project|cc-build|deploy-distribution" projectfile="/var/andromda/contrib/project.xml" mavenscript="/usr/local/maven-1.0.2/bin/maven"/>
        </schedule>
        <log dir="/var/andromda/logs/andromda-contrib">
			<merge dir="/var/andromda/andromda-contrib/contrib/cartridges/andromda-costcalculator/target/test-reports"/>
			<merge dir="/var/andromda/andromda-contrib/contrib/cartridges/andromda-database/target/test-reports"/>
			<merge dir="/var/andromda/andromda-contrib/contrib/maven/site/target/test-reports"/>
			<merge dir="/var/andromda/andromda-contrib/contrib/transformations/configuration/target/test-reports"/>
			<merge dir="/var/andromda/andromda-contrib/contrib/transformations/spring/target/test-reports"/>
			<merge dir="/var/andromda/andromda-contrib/contrib/transformers/atl/target/test-reports"/>
        </log>
        <publishers>
            <currentbuildstatuspublisher file="/var/andromda/logs/andromda-contrib/currentbuildstatus.txt"/>
            <htmlemail logdir="/var/andromda/logs/andromda-contrib"
                mailhost="localhost"
                buildresultsurl="http://thecla.homeftp.net:8080/cruisecontrol/buildresults/andromda-contrib"
                spamwhilebroken="true"
                subjectprefix="[BUILD]"
                returnaddress="committers@andromda.org"
                defaultsuffix="@users.sourceforge.net"
                xslfile="/var/andromda/andromda-all/etc/cc-build/xsl/andromda.xsl">
                <map address="matthias@andromda.org" alias="mattes3"/>
                <map address="chad@andromda.org" alias="cwbrandon"/>
                <map address="wouter@andromda.org" alias="draftdog"/>
                <map address="martin@andromda.org" alias="amartinwest"/>
                <map address="carlos@andromda.org" alias="carloslcuenca"/>
                <failure address="committers@andromda.org"/>
                <always address="chad@andromda.org"/>
                <always address="martin@andromda.org"/>
                <always address="wouter@andromda.org"/>
            </htmlemail>
        </publishers>
    </project>
</cruisecontrol>
