<project default="jar:install"
         xmlns:j="jelly:core"
         xmlns:maven="jelly:maven"
         xmlns:ant="jelly:ant">

    <j:set var="parser.src.dir" value="${maven.src.dir}/main/sablecc"/>
    <j:set var="parser.src.generated.dir" value="${maven.build.src}/java"/>
    <j:set var="parser.grammar.file" value="ocl.grammar"/>

    <preGoal name="java:compile" >
        <attainGoal name="build-parser"/>
        <!-- add the path of the generated source to the maven compile path -->
        <ant:path id="parser.gen.src" location="${parser.src.generated.dir}"/>
        <maven:addPath id="maven.compile.src.set" refid="parser.gen.src"/>
        <ant:property name="path" refid="maven.dependency.classpath"/>
    </preGoal>

    <!-- ===================================================================
         Checks if the parser generated code needs to be generated/re-generated
         =================================================================== -->
    <goal name="check-parser-required">
        <ant:uptodate property="parser.generation.required"
            targetfile="${parser.src.generated.dir}/org/andromda/translation/ocl/parser/parser.dat" >
            <ant:srcfiles dir="${parser.src.dir}" includes="${parser.grammar.file}" />
        </ant:uptodate>
    </goal>

    <!-- ===================================================================
         Generates the parser files using SableCC (@see www.sablecc.org)
         =================================================================== -->
      <goal name="build-parser" prereqs="check-parser-required">
          <ant:mkdir dir="${parser.src.generated.dir}"/>
          <j:choose>
              <j:when test="${parser.generation.required}">
                  <ant:echo>Parser grammar has not changed since last generation.</ant:echo>
              </j:when>
              <j:otherwise>
                <ant:taskdef name="sablecc"
                     classname="org.sablecc.ant.taskdef.Sablecc"
                     classpathref="maven.dependency.classpath"/>
                <ant:sablecc outputdirectory="${parser.src.generated.dir}" src="${parser.src.dir}">
                      <ant:include name="${parser.grammar.file}" />
                </ant:sablecc>
              </j:otherwise>
          </j:choose>
      </goal>

    <!-- ===================================================================
         Clean's the parser generated output
         =================================================================== -->
      <goal name="clean-parser">
          <ant:delete dir="${parser.src.generated.dir}"/>
      </goal>

</project>