<?xml version="1.0" encoding="UTF-8"?>

<project>
    <extend>../project.xml</extend>
  	<artifactId>andromda-ocl-translation-core</artifactId>
  	<name>AndroMDA OCL Translation Core</name>
  	<shortDescription>AndroMDA OCL Translation Core</shortDescription>
  	<description>
  		The AndroMDA OCL translation engine, providing the OCL translation support.
  	</description>
	<package>org.andromda.translation.ocl</package>
  	<developers>
    	<developer>
      		<name>Chad Brandon</name>
      		<id>cwbrandon</id>
      		<email>chad@andromda.org</email>
            <roles>
                <role>Developer</role>
            </roles>
    	</developer>
    </developers>
	<dependencies>
        <dependency>
            <groupId>sablecc</groupId>
            <artifactId>sablecc</artifactId>
            <version>2.18.2</version>
            <properties/>
        </dependency>
        <dependency>
            <groupId>commons-lang</groupId>
            <artifactId>commons-lang</artifactId>
            <version>2.3</version>
        </dependency>
        <dependency>
            <groupId>commons-collections</groupId>
            <artifactId>commons-collections</artifactId>
     		<version>3.1</version>
        </dependency>
    	<dependency>
    		<groupId>log4j</groupId>
      		<artifactId>log4j</artifactId>
     		<version>1.2.8</version>
    	</dependency>
	</dependencies>
    <build>
        <sourceDirectory>src/java</sourceDirectory>
        <unitTestSourceDirectory>src/test/java</unitTestSourceDirectory>
        <!-- Unit test classes -->
        <unitTest>
            <includes>
                <include>**/*Test.java</include>
            </includes>
            <resources>
                <resource>
                    <directory>src/test/java</directory>
                    <excludes>
                        <exclude>**/*.java</exclude>
                    </excludes>
                    <filtering>false</filtering>
                </resource>
            </resources>
        </unitTest>
        <resources>
            <resource>
                <directory>src/java</directory>
                <excludes>
                    <exclude>**/*.java</exclude>
                </excludes>
            </resource>
            <resource>
                <directory>target/src/java</directory>
                <excludes>
                    <exclude>**/*.java</exclude>
                </excludes>
            </resource>
            <resource>
                <directory>src</directory>
                <includes>
                    <include>META-INF/**/*</include>
                </includes>
            </resource>
        </resources>
    </build>
</project>
