<?xml version="1.0" encoding="utf-8"?>
<mappings name="MergeMappings">

    <!-- Standard header for all C# files -->
    <mapping>
        <from><![CDATA[// license-header cs merge-point]]></from>
        <to><![CDATA[
//
// License text for C# files - Change in mda/conf/mappings/MergeMappings.xml
//
]]></to>        
    </mapping>

    <!-- Standard header for all hibernate mapping files -->
    <mapping>
        <from><![CDATA[license-header hbm merge-point]]></from>
        <to><![CDATA[License text for HBM.XML files - Change in mda/conf/mappings/MergeMappings.xml]]></to>
    </mapping>

    <!-- Code added to class body of all entities -->
    <mapping>
        <from><![CDATA[// HibernateEntity.vsl merge-point]]></from>
        <to><![CDATA[// Custom code can be injected here - Change in mda/conf/mappings/MergeMappings.xml]]></to>
    </mapping> 
    
</mappings>
