<!DOCTYPE pages PUBLIC
          "-//JBoss/Seam Pages Configuration DTD 1.2//EN"
          "http://jboss.com/products/seam/pages-1.2.dtd">

<pages no-conversation-view-id="/main.xhtml"
                 login-view-id="/home.xhtml">

    <page view-id="/register.xhtml">
    
        <action if="#{validation.failed}"
           execute="#{register.invalid}"/>
    
        <navigation>
            <rule if="#{register.registered}">
                <redirect view-id="/home.xhtml"/>
            </rule>
        </navigation>
        
    </page>

    <page view-id="/home.xhtml">
    
        <navigation>
            <rule if="#{identity.loggedIn}">
                <redirect view-id="/main.xhtml"/>
            </rule>
        </navigation>
        
    </page>
    
    <page view-id="/password.xhtml"
          login-required="true">
    
        <navigation>
            <rule if="#{changePassword.changed}">
                <redirect view-id="/main.xhtml"/>
            </rule>
        </navigation>
        
    </page>

    <page view-id="/main.xhtml" 
          login-required="true">
    
        <navigation from-action="#{hotelBooking.selectHotel(hot)}">
            <redirect view-id="/hotel.xhtml"/>
        </navigation>
        
        <navigation from-action="#{bookingList.cancel}">
            <redirect/>
        </navigation>
        
    </page>
    
	<page view-id="/hotel.xhtml">
          
        <description>View hotel: #{hotel.name}</description>
        
        <navigation from-action="#{hotelBooking.bookHotel}">
            <redirect view-id="/book.xhtml"/>
        </navigation>
        
    </page>

	<page view-id="/book.xhtml">
          
        <description>Book hotel: #{hotel.name}</description>
        
        <navigation from-action="#{hotelBooking.setBookingDetails}">
            <rule if="#{hotelBooking.bookingValid}">
                <redirect view-id="/confirm.xhtml"/>
            </rule>
        </navigation>
        
    </page>

	<page view-id="/confirm.xhtml">
          
        <description>Confirm booking: #{booking.description}</description>
        
        <navigation from-action="#{hotelBooking.confirm}">
            <redirect view-id="/main.xhtml"/>
        </navigation>
        
    </page>
    
    <page view-id="*">
    
        <navigation from-action="#{identity.logout}">
            <redirect view-id="/home.xhtml"/>
        </navigation>

        <navigation from-action="#{hotelBooking.cancel}">
            <redirect view-id="/main.xhtml"/>
        </navigation>
        
    </page>
    
    <exception class="org.jboss.seam.security.NotLoggedInException">
        <redirect view-id="/home.xhtml">
            <message severity="warn">You must be logged in to use this feature</message>
        </redirect>
    </exception>

</pages>
