<?xml version="1.0" encoding="ISO-8859-1" ?>
<metafacades>
	<property reference="transactionType"/>
	<property reference="entityViewType"/>
	<property reference="entityListenerNamePattern"/>
	<property reference="entityEmbeddableNamePattern"/>
	<property reference="entityNamePattern"/>
	<property reference="entityImplementationNamePattern"/>
	<property reference="entityCompositePrimaryKeyNamePattern"/>
    <property reference="labelCollectionNamePattern"/>
    <property reference="labelSingleNamePattern"/>
    <property reference="serviceNamePattern"/>
    <property reference="serviceInterfaceNamePattern"/>
    <property reference="serviceLocalInterfaceNamePattern"/>
    <property reference="serviceRemoteInterfaceNamePattern"/>
    <property reference="serviceImplementationNamePattern"/>
    <property reference="serviceListenerNamePattern"/>
    <property reference="serviceDelegateNamePattern"/>
    <property reference="serviceBaseNamePattern"/>
    <property reference="serviceTestNamePattern"/>
    <property reference="serviceTestPackageNamePattern"/>
    <property reference="serviceOperationTestNamePattern"/>
    <property reference="defaultServiceExceptionNamePattern"/>
    <property reference="webServiceEnabled"/>
    <property reference="webServiceInterfaceNamePattern"/>
    <property reference="webServiceDefaultStyle"/>
    <property reference="webServiceDefaultUse"/>  
    <property reference="webServiceDefaultParameterStyle"/>  
    <property reference="webServiceQualifiedNameLocalPartPattern"/>  
    <property reference="webServiceReverseNamespace"/>  
    <property reference="webServiceNamespacePattern"/>
    <property reference="entityDefaultCascade"/>
    <property reference="hibernateEnableCache"/>
    <property reference="hibernateEntityCache"/>
    <property reference="hibernateUseQueryCache"/>
    <property reference="useDefaultCacheRegion"/>
    <property reference="enableClustering"/>
    <property reference="entityInheritanceStrategy"/>
    <property reference="entityDiscriminatorType"/>
    <property reference="entityDiscriminatorColumnName"/>
    <property reference="entityDefaultEnumLiteralColumnLength"/>
    <property reference="entityDefaultTemporalType"/>
    <property reference="serviceViewType"/>
    <property reference="entityGenericFinders"/>
    <property reference="persistenceProviderExtensions"/>
    <property reference="persistenceContainerName"/>
    <property reference="persistenceContextUnitName"/>
    <property reference="securityRealm"/>
    <property reference="manageableRolesAllowed"/>
    <property reference="allowDefaultServiceException"/>
    <property reference="compositionDefinesEagerLoading"/>
    <property reference="jndiNamePrefix"/>
    <property reference="daoNamePattern"/>
    <property reference="daoBaseNamePattern"/>
    <property reference="daoImplementationNamePattern"/>
    <property reference="daoDefaultExceptionNamePattern"/>

	<!--  Manageable Entity Metafacades -->
    <metafacade class="org.andromda.cartridges.ejb3.metafacades.EJB3ManageableEntityFacadeLogicImpl" contextRoot="true">
        <mapping>
            <stereotype>ENTITY</stereotype>
            <stereotype>MANAGEABLE</stereotype>
        </mapping>
        <property reference="manageableServiceBaseNamePattern"/>
        <property reference="manageableCreateExceptionNamePattern"/>
	    <property reference="manageableReadExceptionNamePattern"/>
	    <property reference="manageableUpdateExceptionNamePattern"/>
	    <property reference="manageableDeleteExceptionNamePattern"/>
    </metafacade>
    <metafacade class="org.andromda.cartridges.ejb3.metafacades.EJB3ManageableEntityAttributeFacadeLogicImpl">
        <mapping>
            <context>
                org.andromda.cartridges.ejb3.metafacades.EJB3ManageableEntityFacade
            </context>
        </mapping>
    </metafacade>
    <metafacade class="org.andromda.cartridges.ejb3.metafacades.EJB3ManageableEntityAssociationEndFacadeLogicImpl">
        <mapping>
            <context>
                org.andromda.cartridges.ejb3.metafacades.EJB3ManageableEntityFacade
            </context>
        </mapping>
    </metafacade>
    
    <!--  Mapped Superclass Metafacades -->
	<metafacade class="org.andromda.cartridges.ejb3.metafacades.EJB3MappedSuperclassFacadeLogicImpl" contextRoot="true">
		<mapping>
            <stereotype>ENTITY</stereotype>
			<stereotype>MAPPED_SUPERCLASS</stereotype>
		</mapping>
	</metafacade>
	<metafacade class="org.andromda.cartridges.ejb3.metafacades.EJB3MappedSuperclassAttributeFacadeLogicImpl">
		<mapping>
			<context>org.andromda.cartridges.ejb3.metafacades.EJB3MappedSuperclassFacade</context>
		</mapping>
		<property reference="entityDefaultGeneratorType"/>
		<property reference="entityDefaultGeneratorInitialValue"/>
		<property reference="entityDefaultGeneratorAllocationSize"/>
	</metafacade>
    
    <!-- WebService Metafacades -->
    <metafacade class="org.andromda.cartridges.ejb3.metafacades.EJB3WebServiceFacadeLogicImpl" contextRoot="true">
        <mapping>
            <stereotype>SERVICE</stereotype>
            <stereotype>WEBSERVICE</stereotype>
        </mapping>
    </metafacade>
    <metafacade class="org.andromda.cartridges.ejb3.metafacades.EJB3WebServiceFacadeLogicImpl" contextRoot="true">
        <mapping>
        	<stereotype>SERVICE</stereotype>
        </mapping>
    </metafacade>
    <metafacade class="org.andromda.cartridges.ejb3.metafacades.EJB3WebServiceOperationFacadeLogicImpl">
        <mapping>
            <stereotype>WEBSERVICE_OPERATION</stereotype>
        </mapping>
		<property reference="implementationOperationNamePattern"/>
    </metafacade>
	<metafacade class="org.andromda.cartridges.ejb3.metafacades.EJB3WebServiceOperationFacadeLogicImpl">
        <mapping>
            <property name="owner.eJB3WebServiceFacadeMetaType"/>
        </mapping>
		<property reference="implementationOperationNamePattern"/>
	</metafacade>
    
	<!-- Entity Metafacades -->
	<metafacade class="org.andromda.cartridges.ejb3.metafacades.EJB3OperationFacadeLogicImpl">
		<mapping>
			<context>
				org.andromda.cartridges.ejb3.metafacades.EJB3EntityFacade
			</context>
		</mapping>
		<property reference="implementationOperationNamePattern"/>
	</metafacade>
	<metafacade class="org.andromda.cartridges.ejb3.metafacades.EJB3EntityFacadeLogicImpl" contextRoot="true">
		<mapping>
			<stereotype>ENTITY</stereotype>
		</mapping>
		<property reference="sqlMappingsUri"/>
	</metafacade>
	<metafacade class="org.andromda.cartridges.ejb3.metafacades.EJB3AssociationEndFacadeLogicImpl">
		<mapping>
			<property name="type.eJB3EntityFacadeMetaType"/>
		</mapping>
		<property reference="entityCompositeCascade"/>
		<property reference="entityAggregationCascade"/>
        <property reference="associationCollectionType"/>
        <property reference="specificCollectionInterfaces"/>
        <property reference="defaultCollectionInterface"/>
        <property reference="hibernateEnableAssociationsCache"/>
        <property reference="hibernateAssociationCache"/>
        <property reference="listTypeImplementation"/>
        <property reference="setTypeImplementation"/>
        <property reference="mapTypeImplementation"/>
        <property reference="associationEndCollectionIndexName"/>
        <property reference="associationEndCollectionIndexType"/>
	</metafacade>
	<metafacade class="org.andromda.cartridges.ejb3.metafacades.EJB3AssociationFacadeLogicImpl">
		<mapping>
			<property name="associationEndA.eJB3AssociationEndFacadeMetaType"/>
		</mapping>
	</metafacade>
	<metafacade class="org.andromda.cartridges.ejb3.metafacades.EJB3EntityAttributeFacadeLogicImpl">
		<mapping>
			<context>
				org.andromda.cartridges.ejb3.metafacades.EJB3EntityFacade
			</context>
		</mapping>
		<property reference="entityDefaultGeneratorType"/>
		<property reference="entityDefaultGeneratorInitialValue"/>
		<property reference="entityDefaultGeneratorAllocationSize"/>
	</metafacade>
    <metafacade class="org.andromda.cartridges.ejb3.metafacades.EJB3FinderMethodFacadeLogicImpl" contextRoot="true">
		<mapping>
			<stereotype>FINDER_METHOD</stereotype>
			<context>
				org.andromda.cartridges.ejb3.metafacades.EJB3EntityFacade
			</context>
		</mapping>
		<property reference="queryUseNamedParameters"/>
	</metafacade>
	<metafacade class="org.andromda.cartridges.ejb3.metafacades.EJB3FinderMethodFacadeLogicImpl" contextRoot="true">
		<mapping>
			<context>
				org.andromda.cartridges.ejb3.metafacades.EJB3EntityFacade
			</context>
			<property name="query"/>
		</mapping>
		<property reference="queryUseNamedParameters"/>
	</metafacade>
	<metafacade class="org.andromda.cartridges.ejb3.metafacades.EJB3FinderMethodArgumentFacadeLogicImpl">
		<mapping>
			<context>
				org.andromda.cartridges.ejb3.metafacades.EJB3FinderMethodFacade
			</context>
		</mapping>
	</metafacade>
	
	<!-- Session EJB Metafacades -->
	<metafacade class="org.andromda.cartridges.ejb3.metafacades.EJB3SessionFacadeLogicImpl" contextRoot="true">
		<mapping>
			<stereotype>SERVICE</stereotype>
		</mapping>
	</metafacade>
	<metafacade class="org.andromda.cartridges.ejb3.metafacades.EJB3SessionOperationFacadeLogicImpl">
		<mapping>
			<property name="owner.eJB3SessionFacadeMetaType"/>
		</mapping>
		<property reference="implementationOperationNamePattern"/>
	</metafacade>
	<metafacade class="org.andromda.cartridges.ejb3.metafacades.EJB3SessionAttributeFacadeLogicImpl">
		<mapping>
			<context>
				org.andromda.cartridges.ejb3.metafacades.EJB3SessionFacade
			</context>
		</mapping>
	</metafacade>

	<!--  Message Driven EJB Metafacades -->
	<metafacade class="org.andromda.cartridges.ejb3.metafacades.EJB3MessageDrivenFacadeLogicImpl" contextRoot="true">
		<mapping>
			<stereotype>MESSAGE_DRIVEN</stereotype>
		</mapping>
		<property reference="messageDrivenNamePattern"/>
		<property reference="messageDrivenImplementationNamePattern"/>
		<property reference="messageDrivenListenerNamePattern"/>
		<property reference="messageDrivenDestinationType"/>
        <property reference="messageDrivenTopicSubscriptionDurability"/>
        <property reference="messageDrivenTestNamePattern"/>
        <property reference="messageDrivenTestPackageNamePattern"/>
        <property reference="messageDrivenDurableSubscriptionIdPattern"/>
	</metafacade>
	<metafacade class="org.andromda.cartridges.ejb3.metafacades.EJB3MessageDrivenOperationFacadeLogicImpl">
		<mapping>
		    <property name="owner.eJB3MessageDrivenFacadeMetaType"/>
		</mapping>
	</metafacade>
	
	<!--  Common Metafacades -->
	<metafacade class="org.andromda.cartridges.ejb3.metafacades.EJB3InterceptorFacadeLogicImpl" contextRoot="true">
		<mapping>
			<stereotype>INTERCEPTOR</stereotype>
		</mapping>
		<property reference="interceptorNamePattern"/>
	</metafacade>
	<metafacade class="org.andromda.cartridges.ejb3.metafacades.EJB3EnumerationFacadeLogicImpl">
		<mapping>
			<stereotype>ENUMERATION</stereotype>
		</mapping>
	</metafacade>
	<metafacade class="org.andromda.cartridges.ejb3.metafacades.EJB3PersistenceContextFacadeLogicImpl">
	    <mapping>
	        <stereotype>PERSISTENCE_CONTEXT</stereotype>
	    </mapping>
	</metafacade>
    <metafacade class="org.andromda.cartridges.ejb3.metafacades.EJB3DependencyFacadeLogicImpl"/>
    <metafacade class="org.andromda.cartridges.ejb3.metafacades.EJB3EmbeddedValueFacadeLogicImpl" contextRoot="true">
        <mapping>
            <stereotype>EMBEDDED_VALUE</stereotype>
        </mapping>
        <property reference="embeddedValueImplementationNamePattern"/>
    </metafacade>
    <metafacade class="org.andromda.cartridges.ejb3.metafacades.EJB3EntityAttributeFacadeLogicImpl">
        <mapping>
            <context>org.andromda.cartridges.ejb3.metafacades.EJB3EmbeddedValueFacade</context>
        </mapping>
    </metafacade>
    <metafacade class="org.andromda.cartridges.ejb3.metafacades.EJB3TypeFacadeLogicImpl">
        <property reference="ejb3TypeMappingsUri"/>
    </metafacade>
    <metafacade class="org.andromda.cartridges.ejb3.metafacades.EJB3ValueObjectFacadeLogicImpl">
        <mapping>
            <stereotype>VALUE_OBJECT</stereotype>
        </mapping>
    </metafacade>
</metafacades>